name,current_price,original_price,variants,specs,image_names,description,url
iPhone 17 Pro Max 512GB Chính Hãng,43.490.000 đ,44.490.000đ,256GB;512GB;1TB;2TB | Cam Vũ Trụ;Xanh Đậm;Bạc,"{""Màn hình"": {""Công nghệ màn hình"": ""Super Retina XDR, Công nghệ ProMotion"", ""Màn hình rộng"": ""6.9” - Tần số quét 120Hz"", ""Độ sáng tối đa"": ""3000 nits"", ""Mặt kính cảm ứng"": ""Kính cường lực Ceramic Shield 2""}, ""Camera sau"": {""Độ phân giải"": ""Chính 48MP Fusion Main + Phụ 48MP Fusion Ultra Wide + Phụ 48MP Fusion Telephoto"", ""Đèn Flash"": ""Có"", ""Tính năng"": ""Zoom quang học 0.5x, 1x, 2x, 4x, 8x, Quay video hiển thị kép""}, ""Camera trước"": {""Độ phân giải"": ""18MP"", ""Tính năng"": ""Center Stage, Ghi hình kép, Quay video ổn định""}, ""Hệ điều hành & CPU"": {""Chip đồ họa (GPU)"": ""GPU 6 lõi với Neural Accelerator"", ""Hệ điều hành"": ""iOS 26"", ""Chip xử lý (CPU)"": ""Chip A19 Pro""}, ""Bộ nhớ & Lưu trữ"": {""Bộ nhớ trong"": ""512GB""}, ""Kết nối"": {""Wifi"": ""Wi‑Fi 7"", ""Bluetooth"": ""v6.0"", ""Cổng kết nối/sạc"": ""USB-C"", ""Mạng di động"": ""Hỗ trợ 5G""}, ""Pin & Sạc"": {""Dung lượng pin"": ""37 giờ""}, ""Tiện ích"": {""Tính năng đặc biệt"": ""Công nghệ Apple Intelligence, Dynamic Island"", ""Thời điểm ra mắt"": ""09/2025""}, ""Thiết kế"": {""Thiết kế"": ""Nguyên khối"", ""Chất liệu"": ""Nhôm""}}",1757762284518_iphone_17_pro_pro_max_didongviet.jpg | 1757454999092_thumb_2_iphone_17_pro_pro_max_didongviet.jpg | 1757455001441_thumb_3_iphone_17_pro_pro_max_didongviet.jpg | 1757455003231_thumb_4_iphone_17_pro_pro_max_didongviet.jpg | 1757455005972_thumb_5_iphone_17_pro_pro_max_didongviet.jpg | 1757455008589_thumb_6_iphone_17_pro_pro_max_didongviet.jpg | 1757455011070_thumb_7_iphone_17_pro_pro_max_didongviet.jpg | 1757455013798_thumb_8_iphone_17_pro_pro_max_didongviet.jpg | 1757455016972_thumb_9_iphone_17_pro_pro_max_didongviet.jpg | 1757455019388_thumb_10_iphone_17_pro_pro_max_didongviet.jpg | 1757455021335_thumb_11_iphone_17_pro_pro_max_didongviet.jpg | 1757762284518_iphone_17_pro_pro_max_didongviet.jpg | 1757454999092_thumb_2_iphone_17_pro_pro_max_didongviet.jpg | 1757455001441_thumb_3_iphone_17_pro_pro_max_didongviet.jpg | 1757455003231_thumb_4_iphone_17_pro_pro_max_didongviet.jpg | 1757455005972_thumb_5_iphone_17_pro_pro_max_didongviet.jpg | 1757455008589_thumb_6_iphone_17_pro_pro_max_didongviet.jpg | 1757455011070_thumb_7_iphone_17_pro_pro_max_didongviet.jpg | 1757455013798_thumb_8_iphone_17_pro_pro_max_didongviet.jpg | 1757455016972_thumb_9_iphone_17_pro_pro_max_didongviet.jpg | 1757455019388_thumb_10_iphone_17_pro_pro_max_didongviet.jpg | 1757455021335_thumb_11_iphone_17_pro_pro_max_didongviet.jpg,"<p>Apple vừa tung ra thị trường chiếc smartphone cao cấp nhất của mình với <strong>iPhone 17 Pro Max 512GB</strong>. Khác với những phiên bản tiền nhiệm, lần này Apple không chỉ tập trung vào con số hiệu năng mà còn tái thiết kế toàn bộ hệ thống camera và làm mới ngôn ngữ thiết kế. Chip A19 Pro được chế tác trên tiến trình 3nm thế hệ ba, cụm ba camera đồng nhất 48MP cùng khả năng zoom quang 8x là những điểm nhấn đáng chú ý.</p>
<p>iPhone 17 Pro Max 512GB, phiên bản này hướng đến nhóm người dùng có nhu cầu lưu trữ lớn, từ nhiếp ảnh gia di động đến những ai thường xuyên quay video. Màn hình Super Retina XDR 6.9 inch với độ sáng 3,000 nits, pin dung lượng lớn đi cùng sạc nhanh 40W là những yếu tố khiến điện thoại iPhone 17 Pro Max 512GB trở thành sản phẩm đáng cân nhắc cho năm 2025.</p>
<h2 id=""iphone-17-pro-max-khi-nao-ra-mat"">iPhone 17 Pro Max khi nào ra mắt? </h2>
<p>Apple chính thức công bố iPhone 17 Pro Max 512GB trong sự kiện “Awe Dropping” diễn ra lúc 0h ngày <strong>10/9/2025</strong> theo giờ Việt Nam. Buổi ra mắt này thu hút sự quan tâm lớn từ giới công nghệ khi Apple cùng lúc giới thiệu nhiều dòng sản phẩm mới như iPhone 17, iPhone 17 Pro và iPhone Air. Trong đó, <a href=""https://didongviet.vn/dien-thoai/iphone-17-pro-max-256gb.html"" rel=""noopener"" target=""_blank"">iPhone 17 Pro Max</a> được định vị là phiên bản đỉnh cao nhất với cấu hình mạnh nhất và camera tiên tiến nhất.</p>
<p>Chỉ sau 9 ngày kể từ lúc ra mắt, iPhone 17 Pro Max đã chính thức lên kệ tại thị trường Việt Nam vào ngày <strong>19/9/2025</strong>. Hầu hết các cửa hàng bán lẻ lớn đều tổ chức sự kiện mở bán với không khí sôi động. Lượng đặt trước đạt mức kỷ lục, phản ánh sức hút của sản phẩm ngay từ những ngày đầu tiên.</p>
<p style=""text-align: center;""><img alt=""Apple ra mắt iPhone 17 Pro Max 512GB"" data-mce-id=""__mcenew"" loading=""lazy"" src=""https://cdn-v2.didongviet.vn/files/default/2025/9/21/0/1761019656500_apple_ra_mat_iphone_17_pro_max_512gb_didongviet.jpg""/></p>
<h2 id=""iphone-17-pro-max-512gb-gia-bao-nhieu"">iPhone 17 Pro Max 512GB giá bao nhiêu? </h2>
<p>iPhone 17 Pro Max 512GB có giá là 47.990.000đ cho phiên bản chính hãng mới tại Di Động Việt.</p>
<p style=""text-align: center;""><strong>Bảng giá iPhone 17 Pro Max 512GB mới nhất</strong></p>
<table style=""border-collapse: collapse; border-color: #000000; margin-left: auto; margin-right: auto; width: 96.5302%;"">
<tbody>
<tr>
<td style=""text-align: center; width: 66.3274%;"">
<p><strong>Phiên bản</strong></p>
</td>
<td style=""text-align: center; width: 33.688%;"">
<p><strong>Giá bán</strong></p>
</td>
</tr>
<tr>
<td style=""text-align: center; width: 66.3274%;"">
<p>iPhone 17 Pro Max 256GB</p>
</td>
<td style=""text-align: center; width: 33.688%;"">
<p>37.790.000 đ</p>
</td>
</tr>
<tr>
<td style=""text-align: center; width: 66.3274%;"">
<p>iPhone 17 Pro Max 512GB</p>
</td>
<td style=""text-align: center; width: 33.688%;"">
<p>47.990.000 đ</p>
</td>
</tr>
<tr>
<td style=""text-align: center; width: 66.3274%;"">
<p>iPhone 17 Pro Max 1TB</p>
</td>
<td style=""text-align: center; width: 33.688%;"">
<p>50.790.000 đ</p>
</td>
</tr>
<tr>
<td style=""text-align: center; width: 66.3274%;"">
<p>iPhone 17 Pro Max 2TB</p>
</td>
<td style=""text-align: center; width: 33.688%;"">
<p>63.990.000 đ</p>
</td>
</tr>
</tbody>
</table>
<p><em>Lưu ý: Mỗi phiên bản màu sẽ có mức giá khác nhau, để biết thông tin chính xác bạn vui lòng liên hệ hoặc đến ngay của hàng Di Động Việt nhé.</em></p>
<h2 id=""mau-sac-iphone-17-pro-max-512gb"">Màu sắc iPhone 17 Pro Max 512GB</h2>
<p><a href=""https://www.apple.com/vn/iphone-17-pro/"" rel=""noopener"" target=""_blank"">Theo thông tin chính thức từ Apple</a>, iPhone 17 Pro Max 512GB chính hãng có 3 màu là Bạc (Silver), Xanh Đậm (Deep Blue) và Cam Vũ Trụ (Cosmic Orange). Đây là sự thay đổi đáng kể so với các thế hệ trước, giúp người dùng có thêm nhiều lựa chọn để thể hiện cá tính riêng. </p>
<table style=""border-collapse: collapse; border-color: #000000; margin-left: auto; margin-right: auto;"">
<tbody>
<tr>
<td style=""text-align: center;"">
<p><strong>Phiên bản màu sắc</strong></p>
</td>
<td style=""text-align: center;"">
<p><strong>Cảm nhận &amp; đánh giá thực tế</strong></p>
</td>
</tr>
<tr>
<td>
<p><strong>iPhone 17 Pro Max màu Bạc</strong></p>
</td>
<td>
<p>Tông sáng nhẹ, tinh gọn và sạch sẽ. Lớp Ceramic Shield 2 hạn chế trầy xước tốt, dễ phối với mọi phong cách.</p>
</td>
</tr>
<tr>
<td>
<p><strong>iPhone 17 Pro Max màu Xanh Đậm</strong></p>
</td>
<td>
<p>Sắc xanh trầm, tạo cảm giác tĩnh và lịch sự. Ánh xanh chuyển nhẹ theo góc nhìn rất cuốn mắt, hợp với dân công sở.</p>
</td>
</tr>
<tr>
<td>
<p><strong>iPhone 17 Pro Max màu Cam Vũ Trụ</strong></p>
</td>
<td>
<p>Màu nổi nhất năm nay, pha trộn giữa sắc cam ấm và ánh kim nhẹ. Tạo hiệu ứng ánh sáng bắt mắt ngoài trời, hợp với người thích năng động.</p>
</td>
</tr>
</tbody>
</table>
<p style=""text-align: center;""><img alt=""iPhone 17 Pro Max 512GB phiên bản màu"" data-mce-id=""__mcenew"" loading=""lazy"" src=""https://cdn-v2.didongviet.vn/files/default/2025/9/17/0/1760676604415_iphone_17_pro_max_512gb_phien_ban_mau_didongviet.jpg""/></p>
<p>Theo đánh giá thực tế của Di Động Việt, màu Xanh Đậm đang được ưa chuộng nhất vì dễ sử dụng lâu dài và giữ thẩm mỹ tốt. Tuy nhiên, không ít người vẫn chọn Cam Vũ Trụ để tạo điểm nhấn riêng biệt. Dù chọn màu nào, iPhone 17 Pro Max 512GB vẫn thể hiện rõ gu thẩm mỹ và phong cách của người sở hữu.</p>
<h2 id=""anh-gia-iphone-17-pro-max-512gb"">Đánh giá iPhone 17 Pro Max 512GB </h2>
<p><a href=""https://didongviet.vn/dien-thoai/iphone-17-pro-max-512gb.html"">iPhone 17 Pro Max 512GB </a>có thiết kế sang trọng đến công nghệ tiên tiến, hứa hẹn sẽ đem lại trải nghiệm đỉnh cao cho người dùng. Các điểm nổi bật nhất của sản phẩm này thể hiện qua: </p>
<h3 id=""thiet-ke-nhom-nguyen-khoi-ben-bi-tan-nhiet-toi-uu"">Thiết kế nhôm nguyên khối bền bỉ, tản nhiệt tối ưu</h3>
<p>Apple chuyển từ khung titan sang nhôm nguyên khối trên iPhone 17 Pro Max 512GB, giúp giảm chi phí sản xuất nhưng vẫn đảm bảo độ bền. Hợp kim nhôm được rèn nhiệt với khả năng dẫn nhiệt vượt trội, kết hợp buồng hơi bên trong giúp thiết bị luôn mát khi hoạt động mạnh. Bên cạnh đó, sản phẩm có kích thước 163.4 x 78 x 8.8 mm, nặng 233g, vừa đủ để thao tác thoải mái.</p>
<p style=""text-align: center;""><img alt=""iPhone 17 Pro Max 512GB thiết kế nhôm nguyên khối"" data-mce-id=""__mcenew"" loading=""lazy"" src=""https://cdn-v2.didongviet.vn/files/default/2025/9/21/0/1761019712819_iphone_17_pro_max_512gb_thiet_ke_nhom_nguyen_khoi_didongviet.jpg""/></p>
<p>Mặt trước của <a href=""https://didongviet.vn/dien-thoai-iphone.html"" rel=""noopener"" target=""_blank"">điện thoại iPhone</a> này được bảo vệ bằng Ceramic Shield 2 chống trầy xước gấp ba lần so với thế hệ trước. Mặt sau máy thì hoàn thiện cao cấp với lớp kính bóng bẩy. Tuy nhiên, khung nhôm dễ bị trầy hơn titan nếu không dùng ốp. Theo The Verge, thiết kế mới này “Tối ưu hiệu suất tản nhiệt nhưng cần thêm bảo vệ cho khung máy”.</p>
<p style=""text-align: center;""><img alt=""iPhone 17 Pro Max 512GB có lớp Ceramic Shield 2 chống trầy "" data-mce-id=""__mcenew"" loading=""lazy"" src=""https://cdn-v2.didongviet.vn/files/default/2025/9/21/0/1761019741002_iphone_17_pro_max_512gb_co_lop_ceramic_shield_2_chong_tray_didongviet.jpg""/></p>
<h3 id=""man-hinh-super-retina-xdr-sieu-sang-sieu-muot"">Màn hình Super Retina XDR siêu sáng, siêu mượt</h3>
<p>iPhone 17 Pro Max 512GB được trang bị màn hình Super Retina XDR OLED 6.9 inch với độ phân giải 2868×1320 pixel, đạt độ sáng tối đa 3,000 nits, cao hơn 1,000 nits so với iPhone 16 Pro Max.</p>
<p>Theo đánh giá từ Tom's Guide, độ sáng này giúp hiển thị rõ ràng ngay cả dưới ánh nắng trực tiếp. Công nghệ ProMotion 120Hz tiếp tục có mặt, giúp mọi thao tác vuốt, cuộn trang hay chuyển cảnh đều trơn tru.</p>
<p style=""text-align: center;""><img alt=""iPhone 17 Pro Max 512GB màn hình có độ phân giải cao"" data-mce-id=""__mcenew"" loading=""lazy"" src=""https://cdn-v2.didongviet.vn/files/default/2025/9/21/0/1761019783163_iphone_17_pro_max_512gb_man_hinh_co_do_phan_giai_cao_didongviet.jpg""/></p>
<p>Điểm đặc biệt là lớp phủ chống phản chiếu thế hệ mới giúp giảm 33% hiện tượng lóa so với thế hệ trước. Trong điều kiện ánh sáng thông thường, sự khác biệt về độ sáng chưa quá rõ rệt. Tuy vậy, khi sử dụng ngoài trời nắng gắt hoặc tham gia các sự kiện ngoài trời, màn hình iPhone 17 Pro Max 512GB mới thực sự thể hiện ưu điểm vượt trội so với các đời trước.</p>
<p style=""text-align: center;""><img alt=""iPhone 17 Pro Max 512GB lớp phủ chống phản chiếu"" data-mce-id=""__mcenew"" loading=""lazy"" src=""https://cdn-v2.didongviet.vn/files/default/2025/9/21/0/1761019806520_iphone_17_pro_max_512gb_lop_phu_chong_phan_chieu_didongviet.jpg""/></p>
<h3 id=""hieu-nang-but-pha-voi-a19-pro-va-cong-nghe-tan-nhiet-moi"">Hiệu năng bứt phá với A19 Pro và công nghệ tản nhiệt mới</h3>
<p>Hiệu năng iPhone 17 Pro Max 512GB đạt đỉnh cao nhờ chip A19 Pro được sản xuất trên tiến trình 3nm thế hệ thứ ba của TSMC. Những cải tiến về hiệu năng gồm có:</p>
<ul>
<li aria-level=""1"">CPU 6 lõi: Tăng 18% hiệu suất so với A18 Pro, đạt 3,703 điểm đơn nhân và 9,363 điểm đa nhân trên Geekbench 6.</li>
<li aria-level=""1"">GPU 6 lõi: Tăng 22% hiệu suất đồ họa, xử lý mượt các tựa game nặng như Genshin Impact và PUBG Mobile ở khung hình 120fps.</li>
<li aria-level=""1"">Neural Engine 16 lõi: Xử lý các tác vụ AI nhanh hơn, hỗ trợ Apple Intelligence thế hệ mới.</li>
<li aria-level=""1"">Hệ thống tản nhiệt buồng hơi: Giúp duy trì hiệu suất cao ổn định, cải thiện công suất lên đến 40%.</li>
</ul>
<p><img alt="""" data-mce-id=""__mcenew"" loading=""lazy"" src=""https://cdn-v2.didongviet.vn/files/default/2025/8/10/0/1757476105425_iphone_17_pro_max_512gb_5.jpg"" style=""display: block; margin-left: auto; margin-right: auto;""/></p>
<p>Theo bài test từ Di Động Việt, iPhone 17 Pro Max 512GB đạt hơn 2,354,000 điểm Antutu với độ ổn định 81% khi chạy stress test trong thời gian dài. Khi chơi Genshin Impact ở mức đồ họa cao nhất với 120FPS, máy chỉ ấm nhẹ sau 30 phút liên tục. PUBG Mobile ở khung hình Siêu Giới Hạn (120fps) cũng không xuất hiện giật lag. Hệ thống tản nhiệt mới thực sự làm tốt nhiệm vụ giữ nhiệt độ ở mức an toàn khi sử dụng cường độ cao.</p>
<p style=""text-align: center;""><img alt=""iPhone 17 Pro Max 512GB không xuất hiện giật lag"" data-mce-id=""__mcenew"" loading=""lazy"" src=""https://cdn-v2.didongviet.vn/files/default/2025/9/21/0/1761019881933_iphone_17_pro_max_512gb_khong_xuat_hien_giat_lag_didongviet.jpg""/></p>
<h3 id=""he-thong-camera-pro-ot-pha-tren-iphone-17-pro-max"">Hệ thống Camera Pro đột phá trên iPhone 17 Pro Max</h3>
<p>Camera là điểm sáng lớn trên iPhone 17 Pro Max năm nay với cụm 3 ống kính 48MP đồng nhất:</p>
<ul>
<li aria-level=""1"">Camera chính Fusion 48MP: Cảm biến 1/1.3"", khẩu độ f/1.6, OIS, thu sáng vượt trội với độ chi tiết cao và màu sắc trung thực.</li>
<li aria-level=""1"">Camera Ultra Wide 48MP: Khẩu độ f/2.2, góc rộng 13mm, hỗ trợ chụp macro ấn tượng và cải thiện độ sắc nét đáng kể.</li>
<li aria-level=""1"">Camera Telephoto 48MP: Thiết kế tetraprism thế hệ mới, zoom quang 8x (thay vì 5x), cảm biến lớn hơn 56% giúp ảnh chi tiết ngay cả khi zoom xa.</li>
</ul>
<p><img alt="""" data-mce-id=""__mcenew"" loading=""lazy"" src=""https://cdn-v2.didongviet.vn/files/default/2025/8/10/0/1757476141442_iphone_17_pro_max_512gb_4.jpg"" style=""display: block; margin-left: auto; margin-right: auto;""/></p>
<p>Theo trải nghiệm thực tế từ Di Động Việt, trong điều kiện thiếu sáng, điện thoại iPhone 17 Pro Max 512GB vẫn cho chất lượng ảnh tốt. Máy mất khoảng 2 giây để xử lý và kéo sáng, chất lượng khi zoom cũng không bị ảnh hưởng nhiều.</p>
<p style=""text-align: center;""><img alt=""iPhone 17 Pro Max 512GB chất lượng ảnh tốt"" data-mce-id=""__mcenew"" loading=""lazy"" src=""https://cdn-v2.didongviet.vn/files/default/2025/9/21/0/1761019991759_iphone_17_pro_max_512gb_chat_luong_anh_tot_didongviet.jpg""/></p>
<p>Ngoài ra, khả năng quay video 4K Dolby Vision ở 120fps tiệm cận chuẩn điện ảnh chuyên nghiệp, hỗ trợ ProRes RAW và Apple Log 2 cho quy trình hậu kỳ chuẩn Hollywood.</p>
<p style=""text-align: center;""><img alt=""iPhone 17 Pro Max 512GB khả năng quay video 4K"" data-mce-id=""__mcenew"" loading=""lazy"" src=""https://cdn-v2.didongviet.vn/files/default/2025/9/21/0/1761020009097_iphone_17_pro_max_512gb_kha_nang_quay_video_4k_didongviet.jpg""/></p>
<h3 id=""pin-ben-bi-sac-sieu-toc"">Pin bền bỉ, sạc siêu tốc</h3>
<p>Pin iPhone 17 Pro Max 512GB có dung lượng 4,832 mAh, lớn hơn iPhone 16 Pro Max. Thiết bị phát video liên tục lên đến 37 giờ, nhiều hơn khoảng 3 giờ so với iPhone 15 Pro Max. Với cường độ sử dụng cao như nghe nhạc YouTube cả ngày, chơi game giải trí, pin vẫn còn khoảng 20% vào cuối ngày.</p>
<p>Không chỉ vậy, sạc nhanh 40W cho phép nạp lại 50% chỉ trong 20 phút khi dùng bộ sạc công suất cao. Test thực tế cho thấy sau 20 phút đạt khoảng 46% pin, gần như đúng với công bố của Apple. Sạc không dây MagSafe 25W và Qi2 15W cũng rất tiện lợi. Máy còn hỗ trợ sạc ngược có dây 4.5W cho thiết bị khác.</p>
<p style=""text-align: center;""><img alt=""iPhone 17 Pro Max 512GB pin và sạc siêu tốc"" data-mce-id=""__mcenew"" height=""520"" loading=""lazy"" src=""https://cdn-v2.didongviet.vn/files/default/2025/9/21/0/1761020031591_iphone_17_pro_max_512gb_pin_va_sac_sieu_toc_didongviet.jpg"" width=""780""/></p>
<h3 id=""so-sanh-tong-the-iphone-17-pro-max-va-iphone-16-pro-max"">So sánh tổng thể iPhone 17 Pro Max và iPhone 16 Pro Max</h3>
<p>Apple đã thực hiện nhiều cải tiến đáng giá trên iPhone 17 Pro Max so với iPhone 16 Pro Max. Sau đây là những điểm khác biệt chính:</p>
<ul>
<li aria-level=""1"">Thiết kế: Chuyển từ khung titan sang nhôm, nhẹ hơn nhưng dễ trầy hơn cùng cụm camera nằm ngang.</li>
<li aria-level=""1"">Màn hình: Độ sáng tăng từ 2,000 nits lên 3,000 nits với lớp phủ chống phản chiếu giảm 33% hiện tượng lóa.</li>
<li aria-level=""1"">Hiệu năng: Chip A19 Pro mạnh hơn A18 Pro tăng khoảng 10% điểm Antutu. Hệ thống tản nhiệt buồng hơi giúp máy mát hơn khi hoạt động nặng.</li>
<li aria-level=""1"">Camera: Cả 3 camera sau đều 48MP, camera tele zoom quang tăng từ 5x lên 8x, camera selfie thì từ 12MP lên 18MP.</li>
<li aria-level=""1"">Pin: Dung lượng tăng từ 4,685mAh lên 4,832mAh. Sạc nhanh tăng từ 27W lên 40W.</li>
</ul>
<table style=""border-collapse: collapse; border-color: #000000; margin-left: auto; margin-right: auto;"">
<tbody>
<tr>
<td style=""text-align: center;"">
<p><strong>Thông số</strong></p>
</td>
<td style=""text-align: center;"">
<p><strong>iPhone 17 Pro Max</strong></p>
</td>
<td style=""text-align: center;"">
<p><strong>iPhone 16 Pro Max</strong></p>
</td>
<td style=""text-align: center;"">
<p><strong>Nâng cấp trên iPhone 17 Pro Max</strong></p>
</td>
</tr>
<tr>
<td>
<p><strong>Khung viền</strong></p>
</td>
<td>
<p>Nhôm nguyên khối</p>
</td>
<td>
<p>Titan</p>
</td>
<td>
<p>Tản nhiệt tốt hơn, giảm chi phí, cầm nhẹ hơn</p>
</td>
</tr>
<tr>
<td>
<p><strong>Màn hình</strong></p>
</td>
<td>
<p>6.9 inch, 3,000 nits</p>
</td>
<td>
<p>6.9 inch, 2,000 nits</p>
</td>
<td>
<p>Sáng hơn 1,000 nits, hiển thị rõ ngoài trời</p>
</td>
</tr>
<tr>
<td>
<p><strong>Chip</strong></p>
</td>
<td>
<p>Apple A19 Pro (3nm)</p>
</td>
<td>
<p>Apple A18 Pro (3nm)</p>
</td>
<td>
<p>CPU tăng 18%, GPU tăng 22%, tiết kiệm pin 15%</p>
</td>
</tr>
<tr>
<td>
<p><strong>RAM</strong></p>
</td>
<td>
<p>12GB</p>
</td>
<td>
<p>8GB</p>
</td>
<td>
<p>Đa nhiệm tốt hơn</p>
</td>
</tr>
<tr>
<td>
<p><strong>Camera sau</strong></p>
</td>
<td>
<p>48MP (wide) + 48MP (tele 8x) + 48MP (ultrawide)</p>
</td>
<td>
<p>48MP (wide) + 12MP (tele 5x) + 48MP (ultrawide)</p>
</td>
<td>
<p>Zoom 8x, đồng bộ 48MP cả 3 ống kính</p>
</td>
</tr>
<tr>
<td>
<p><strong>Camera selfie</strong></p>
</td>
<td>
<p>18MP</p>
</td>
<td>
<p>12MP</p>
</td>
<td>
<p>Chi tiết cao hơn, màu da tự nhiên</p>
</td>
</tr>
<tr>
<td>
<p><strong>Pin</strong></p>
</td>
<td>
<p>4,832 mAh</p>
</td>
<td>
<p>4,685 mAh</p>
</td>
<td>
<p>Dùng lâu hơn</p>
</td>
</tr>
<tr>
<td>
<p><strong>Sạc nhanh</strong></p>
</td>
<td>
<p>40W dây / 25W MagSafe</p>
</td>
<td>
<p>30W dây / 15W MagSafe</p>
</td>
<td>
<p>Nhanh hơn, đạt 50% trong 20 phút</p>
</td>
</tr>
<tr>
<td>
<p><strong>Hệ điều hành</strong></p>
</td>
<td>
<p>iOS 26</p>
</td>
<td>
<p>iOS 18</p>
</td>
<td>
<p>Giao diện Liquid Glass mới</p>
</td>
</tr>
</tbody>
</table>
<p>Theo tổng hợp từ các bài test của Tom's Guide và The Verge, iPhone 17 Pro Max đạt điểm Geekbench đa nhân 9,363, cao hơn gần 20% so với iPhone 16 Pro Max. Tốc độ sạc nhanh 40W giúp đạt 50% pin chỉ sau 20 phút, đúng như Apple công bố. Những nâng cấp này giúp điện thoại iPhone 17 Pro Max trở thành flagship mạnh và tối ưu hơn đáng kể so với thế hệ trước.</p>
<p style=""text-align: center;""><img alt=""iPhone 17 Pro Max 512GB được cải tiến mạnh mẽ hơn"" data-mce-id=""__mcenew"" loading=""lazy"" src=""https://cdn-v2.didongviet.vn/files/default/2025/9/21/0/1761020067493_iphone_17_pro_max_512gb_duoc_cai_tien_manh_me_hon_didongviet.jpg""/></p>
<h2 id=""iphone-17-pro-max-512gb-phu-hop-voi-ai"">iPhone 17 Pro Max 512GB phù hợp với ai?</h2>
<p>iPhone 17 Pro Max 512GB đáp ứng công việc và giải trí lâu dài nên sẽ phù hợp với nhiều nhóm người dùng. Cụ thể như sau:</p>
<ul>
<li aria-level=""1""><strong>Người yêu công nghệ: </strong>Chip A19 Pro và iOS 26 giúp khám phá những tính năng mới và yêu cầu hiệu suất cao.</li>
<li aria-level=""1""><strong>Game thủ: </strong>Đủ sức chiến các tựa game nặng như Genshin Impact hay PUBG Mobile ở mức đồ họa cao, FPS ổn định, không nóng máy.</li>
<li aria-level=""1""><strong>Người sáng tạo nội dung: </strong>Hệ thống camera 48MP cùng video 4K Dolby Vision giúp tạo ra hình ảnh và video sắc nét cho vlog hay chụp sản phẩm.</li>
<li aria-level=""1""><strong>Doanh nhân và dân văn phòng: </strong>Dung lượng 512GB cùng pin dùng suốt ngày, đảm bảo làm việc liên tục mà không lo sạc giữa chừng.</li>
<li aria-level=""1""><strong>Người thích nhiếp ảnh: </strong>Zoom quang 8x và xử lý hình ảnh thông minh giúp bắt trọn mọi khoảnh khắc đẹp, ngay cả thiếu sáng.</li>
</ul>
<p style=""text-align: center;""><img alt=""iPhone 17 Pro Max 512GB đối tượng phù hợp"" data-mce-id=""__mcenew"" height=""520"" loading=""lazy"" src=""https://cdn-v2.didongviet.vn/files/default/2025/9/21/0/1761020098735_iphone_17_pro_max_512gb_doi_tuong_phu_hop_didongviet.jpg"" width=""780""/></p>
<h2 id=""mua-iphone-17-pro-max-512gb-chinh-hang-o-au"">Mua iPhone 17 Pro Max 512GB chính hãng ở đâu?</h2>
<p><strong>Mua iPhone 17 Pro Max 512GB</strong> ở đâu chính hãng và uy tín, bạn hãy tham khảo qua Di Động Việt. Nơi đây là điểm đến có tiếng lâu năm với cam kết “CHUYỂN GIAO GIÁ TRỊ VƯỢT TRỘI” cho khách hàng. Bên cạnh đó, thương hiệu cũng là đại lý ủy quyền chính thức của Apple tại Việt Nam, luôn luôn đem lại chất lượng sản phẩm và dịch vụ hậu mãi tận tâm. Dưới đây là những lý do nên chọn Di Động Việt:</p>
<ul>
<li aria-level=""1"" style=""font-weight: 400;"">Sản phẩm nguyên seal 100%, chuẩn Apple, đầy đủ phụ kiện từ nhà sản xuất.</li>
<li aria-level=""1"" style=""font-weight: 400;"">Ưu đãi hấp dẫn, giá cạnh tranh cùng nhiều chương trình khuyến mãi đặc biệt theo mùa.</li>
<li aria-level=""1"" style=""font-weight: 400;"">Chính sách bảo hành chuẩn Apple, hỗ trợ kỹ thuật chuyên nghiệp 24/7.</li>
<li aria-level=""1"" style=""font-weight: 400;"">Mua iPhone 17 Pro Max 512GB trả góp 0% lãi suất với thủ tục đơn giản, duyệt nhanh trong 15 phút.</li>
<li aria-level=""1"" style=""font-weight: 400;"">Thu cũ đổi mới hỗ trợ nâng cấp dễ dàng với mức giá thu cao, thủ tục nhanh gọn.</li>
<li aria-level=""1"" style=""font-weight: 400;"">Giao hàng toàn quốc, miễn phí cài đặt và hướng dẫn sử dụng tận nơi.</li>
</ul>
<p><em><strong>Lưu ý: </strong>Các chương trình khuyến mãi và iPhone 17 Pro Max 512GB trả góp có thể thay đổi theo từng thời điểm. Liên hệ Di Động Việt để nhận thông tin cập nhật và ưu đãi mới và chính xác nhất.</em></p>
<p style=""text-align: center;""><em><img alt=""Mua iPhone 17 Pro Max 512GB chính hãng ở đâu"" data-mce-id=""__mcenew"" height=""520"" loading=""lazy"" src=""https://cdn-v2.didongviet.vn/files/default/2025/9/17/0/1760676542829_mua_iphone_17_pro_max_512gb_chinh_hang_o_dau_didongviet.jpg"" width=""780""/></em></p>
<p><strong>Thông tin liên hệ Di Động Việt:</strong></p>
<ul>
<li aria-level=""1"" style=""font-weight: 400;""><strong>Hotline tư vấn &amp; mua hàng:</strong> 1800.6018</li>
<li aria-level=""1"" style=""font-weight: 400;""><strong>Hotline bảo hành &amp; hỗ trợ:</strong> 1800.6729</li>
<li aria-level=""1"" style=""font-weight: 400;""><strong>Fanpage</strong>: facebook.com/didongviet</li>
<li aria-level=""1"" style=""font-weight: 400;""><strong>TikTok:</strong> tiktok.com/@didongviet_official</li>
</ul>
<h2 id=""tong-ket"">Tổng kết</h2>
<p>Tóm lại, thông qua những thông tin <strong>iPhone 17 Pro Max 512GB</strong>, có thể thấy rằng đây là smartphone cao cấp đáng đầu tư với thiết kế tinh tế, hiệu năng tân tiến cùng với hệ thống camera chuyên nghiệp.</p>
<p>Dung lượng 512GB cùng RAM 12GB cũng đáp ứng hoàn hảo nhu cầu sáng tạo và làm việc. Với những cải tiến từ chip cho đến công nghệ AI tiên tiến, sản phẩm này xứng đáng đầu tư cho tương lai.</p>
<p style=""text-align: right;"">Di Động Việt</p>",https://didongviet.vn/dien-thoai/iphone-17-pro-max-512gb.html
iPhone 17 Pro Max 256GB Chính Hãng,36.990.000 đ,37.990.000đ,256GB;512GB;1TB;2TB | Xanh Đậm;Cam Vũ Trụ;Bạc,"{""Màn hình"": {""Công nghệ màn hình"": ""Super Retina XDR, Công nghệ ProMotion"", ""Màn hình rộng"": ""6.9” - Tần số quét 120Hz"", ""Độ sáng tối đa"": ""3000 nits"", ""Mặt kính cảm ứng"": ""Kính cường lực Ceramic Shield 2""}, ""Camera sau"": {""Độ phân giải"": ""Chính 48MP Fusion Main + Phụ 48MP Fusion Ultra Wide + Phụ 48MP Fusion Telephoto"", ""Đèn Flash"": ""Có"", ""Tính năng"": ""Zoom quang học 0.5x, 1x, 2x, 4x, 8x, Quay video hiển thị kép""}, ""Camera trước"": {""Tính năng"": ""Center Stage, Ghi hình kép, Quay video ổn định"", ""Độ phân giải"": ""18MP""}, ""Hệ điều hành & CPU"": {""Hệ điều hành"": ""iOS 26"", ""Chip xử lý (CPU)"": ""Chip A19 Pro"", ""Chip đồ họa (GPU)"": ""GPU 6 lõi với Neural Accelerator""}, ""Bộ nhớ & Lưu trữ"": {""Bộ nhớ trong"": ""256GB""}, ""Kết nối"": {""Wifi"": ""Wi‑Fi 7"", ""Bluetooth"": ""v6.0"", ""Cổng kết nối/sạc"": ""USB-C"", ""Mạng di động"": ""Hỗ trợ 5G""}, ""Pin & Sạc"": {""Dung lượng pin"": ""37 giờ""}, ""Tiện ích"": {""Tính năng đặc biệt"": ""Công nghệ Apple Intelligence, Dynamic Island"", ""Thời điểm ra mắt"": ""09/2025""}, ""Thiết kế"": {""Thiết kế"": ""Nguyên khối"", ""Chất liệu"": ""Nhôm""}}",1757762327476_iphone_17_pro_pro_max_didongviet.jpg | 1757454662718_thumb_2_iphone_17_pro_pro_max_didongviet.jpg | 1757454664561_thumb_3_iphone_17_pro_pro_max_didongviet.jpg | 1757454666667_thumb_4_iphone_17_pro_pro_max_didongviet.jpg | 1757454669161_thumb_5_iphone_17_pro_pro_max_didongviet.jpg | 1757454671363_thumb_6_iphone_17_pro_pro_max_didongviet.jpg | 1757454674228_thumb_7_iphone_17_pro_pro_max_didongviet.jpg | 1757454677489_thumb_8_iphone_17_pro_pro_max_didongviet.jpg | 1757454679905_thumb_9_iphone_17_pro_pro_max_didongviet.jpg | 1757454681977_thumb_10_iphone_17_pro_pro_max_didongviet.jpg | 1757454683856_thumb_11_iphone_17_pro_pro_max_didongviet.jpg | 1757762327476_iphone_17_pro_pro_max_didongviet.jpg | 1757454662718_thumb_2_iphone_17_pro_pro_max_didongviet.jpg | 1757454664561_thumb_3_iphone_17_pro_pro_max_didongviet.jpg | 1757454666667_thumb_4_iphone_17_pro_pro_max_didongviet.jpg | 1757454669161_thumb_5_iphone_17_pro_pro_max_didongviet.jpg | 1757454671363_thumb_6_iphone_17_pro_pro_max_didongviet.jpg | 1757454674228_thumb_7_iphone_17_pro_pro_max_didongviet.jpg | 1757454677489_thumb_8_iphone_17_pro_pro_max_didongviet.jpg | 1757454679905_thumb_9_iphone_17_pro_pro_max_didongviet.jpg | 1757454681977_thumb_10_iphone_17_pro_pro_max_didongviet.jpg | 1757454683856_thumb_11_iphone_17_pro_pro_max_didongviet.jpg,"<p><strong>iPhone 17 Pro Max 256GB</strong> là phiên bản bộ nhớ tiêu chuẩn của iPhone 17 Pro Max - sự lựa chọn tuyệt vời cho trải nghiệm công nghệ mới đỉnh cao.</p>
<p>iPhone 17 Pro Max 256GB nổi bật với chip A19 Pro được sản xuất trên tiến trình 3nm mạnh mẽ, xử lý mượt mà mọi tác vụ nặng. Bộ 3 camera đều được nâng cấp lên 48MP nâng cấp với zoom quang 8x mang đến hình ảnh sắc nét, sống động. Màn hình 6.9 inch, Promotion 120Hz Super Retina XDR, độ sáng màn hình lên đến 3000 nits cho khả năng hiển thị sắc nét dù bạn đang đứng dưới thời tiết nắng chói.</p>
<p>Đồng thời, với viên pin có dung lượng khủng cho phép phát video đến 37 giờ, đáp ứng nhu cầu giải trí cả ngày. Bên cạnh đó, khung nhôm cao cấp vừa bền nhẹ vừa sang trọng, tạo cảm giác chắc tay khi sử dụng. Diện mạo mới hoàn toàn với thiết kế camera rộng, nằm ngang khiến cho người dùng không khỏi thích thú.</p>
<p>Để hiểu chi tiết về sản phẩm, hãy cùng Di Động Việt tìm hiểu thông qua bài viết dưới đây nhé!</p>
<h2 id=""iphone-17-pro-max-khi-nao-ra-mat"">iPhone 17 Pro Max khi nào ra mắt?</h2>
<p>iPhone 17 Pro Max được Apple công bố trong sự kiện “Awe Dropping” diễn ra vào ngày 9/9/2025 (tức 0h ngày <strong>10/9/2025</strong> theo giờ Việt Nam). Đây là màn ra mắt thu hút giới công nghệ toàn cầu khi hãng cùng lúc giới thiệu nhiều mẫu máy như iPhone 17, iPhone 17 Pro, iPhone Air, trong đó điện thoại iPhone 17 Pro Max được xem là phiên bản cao cấp nhất, hướng đến người dùng yêu thích hiệu năng mạnh và thiết kế sang.</p>
<p>Chỉ hơn một tuần sau, <a href=""https://didongviet.vn/dien-thoai/iphone-17-pro-max-256gb.html"">iPhone 17 Pro Max 256GB</a> đã chính thức xuất hiện tại thị trường Việt Nam vào ngày <strong>19/9/2025</strong>. Hầu hết các hệ thống bán lẻ lớn đều tổ chức chương trình mở bán sôi động, thu hút đông đảo người đến nhận máy sớm. Không khí tại các cửa hàng cực kỳ náo nhiệt khi lượng đặt trước đạt mức kỷ lục, cho thấy sức hút của sản phẩm ngay từ những ngày đầu mở bán.</p>
<p style=""text-align: center;""><img alt=""Hình ảnh"" loading=""lazy"" src=""https://cdn-v2.didongviet.vn/files/default/2025/10/11/0/iphone-17-pro-max-256gb-anh-real-1-didongviet.jpg""/></p>
<h2 id=""iphone-17-pro-max-256gb-gia-bao-nhieu"">iPhone 17 Pro Max 256GB giá bao nhiêu?</h2>
<p>iPhone 17 Pro Max 256GB có giá là 37.990.000 đ cho phiên bản chính hãng mới tại Di Động Việt.</p>
<p>Đây được xem là lựa chọn đáng cân nhắc trong phân khúc cao cấp. Ngoài ra, dưới đây là bảng giá chi tiết của iPhone 17 Pro Max cùng các phiên bản dung lượng khác, được Di Động Việt cập nhật mới nhất:</p>
<p style=""text-align: center;""><strong>Bảng giá iPhone 17 Pro Max tại Di Động Việt</strong></p>
<table style=""border-collapse: collapse; border-color: #000000; margin-left: auto; margin-right: auto; width: 92.8962%;"">
<tbody>
<tr>
<td style=""text-align: center; width: 66.6667%;"">
<p><strong>Phiên bản </strong></p>
</td>
<td style=""text-align: center; width: 33.3333%;"">
<p><strong>Giá bán </strong></p>
</td>
</tr>
<tr>
<td style=""text-align: center; width: 66.6667%;"">
<p>iPhone 17 Pro Max 256GB</p>
</td>
<td style=""text-align: center; width: 33.3333%;"">
<p>37.990.000 đ</p>
</td>
</tr>
<tr>
<td style=""text-align: center; width: 66.6667%;"">
<p>iPhone 17 Pro Max 512GB</p>
</td>
<td style=""text-align: center; width: 33.3333%;"">
<p>44.490.000 đ</p>
</td>
</tr>
<tr>
<td style=""text-align: center; width: 66.6667%;"">
<p>iPhone 17 Pro Max 1TB</p>
</td>
<td style=""text-align: center; width: 33.3333%;"">
<p>53.990.000 đ</p>
</td>
</tr>
<tr>
<td style=""width: 66.6667%; text-align: center;"">
<p>iPhone 17 Pro Max 2TB</p>
</td>
<td style=""width: 33.3333%; text-align: center;"">
<p>63.990.000 đ</p>
</td>
</tr>
</tbody>
</table>
<p><em>Lưu ý: Mức giá iPhone 17 Pro Max có thể thay đổi tùy từng thời điểm và màu sắc khác nhau. Để biết giá chính xác và các chương trình ưu đãi, bạn nên liên hệ trực tiếp hoặc ghé cửa hàng Di Động Việt gần nhất để được tư vấn cụ thể hơn.</em></p>
<h2 id=""iphone-17-pro-max-co-may-mau"">iPhone 17 Pro Max có mấy màu?</h2>
<p>iPhone 17 Pro Max có 3 màu là <strong>Bạc (Silver), Xanh Đậm (Deep Blue) và Cam Vũ Trụ (Cosmic Orange)</strong>.</p>
<p>Sự thay đổi này mang lại cảm giác tươi mới, giúp người dùng có thêm lựa chọn thể hiện phong cách cá nhân theo hướng thanh lịch, sang hoặc năng động.</p>
<table style=""border-collapse: collapse; border-color: #000000; margin-left: auto; margin-right: auto;"">
<tbody>
<tr>
<td style=""text-align: center;"">
<p><strong>Phiên bản màu sắc</strong></p>
</td>
<td style=""text-align: center;"">
<p><strong>Cảm nhận &amp; đánh giá thực tế</strong></p>
</td>
</tr>
<tr>
<td style=""text-align: left;"">
<p><strong>iPhone 17 Pro Max màu Bạc</strong></p>
</td>
<td>
<p>Tông màu trung tính, sáng nhẹ, phù hợp với người thích vẻ tinh gọn và sạch sẽ. Lớp Ceramic Shield 2 giúp hạn chế trầy xước tốt, dễ phối với mọi phong cách.</p>
</td>
</tr>
<tr>
<td style=""text-align: left;"">
<p><strong>iPhone 17 Pro Max màu Xanh Đậm</strong></p>
</td>
<td>
<p>Màu xanh mang sắc trầm, tạo cảm giác tĩnh và lịch sự. Khi nhìn ngoài thực tế, ánh xanh chuyển nhẹ theo góc nhìn rất cuốn mắt, phù hợp với dân công sở hoặc người thích sự nhã nhặn.</p>
</td>
</tr>
<tr>
<td style=""text-align: left;"">
<p><strong>iPhone 17 Pro Max màu Cam Vũ Trụ</strong></p>
</td>
<td>
<p>Màu nổi bật nhất trong năm nay, pha trộn giữa sắc cam ấm và ánh kim nhẹ. Khi cầm ngoài trời, máy tạo hiệu ứng ánh sáng bắt mắt, hợp với người thích sự năng động và cá tính.</p>
</td>
</tr>
</tbody>
</table>
<p style=""text-align: center;""><img alt=""iPhone 17 Pro Max 256GB có 3 màu"" data-mce-id=""__mcenew"" loading=""lazy"" src=""https://cdn-v2.didongviet.vn/files/default/2025/9/17/0/1760682114535_iphone_17_pro_max_256gb_co_3_mau_didongviet.jpg""/></p>
<p>Theo đánh giá thực tế của Di Động Việt, màu Xanh Đậm đang được ưa chuộng nhất trong bộ ba vì dễ dùng và giữ thẩm mỹ lâu dài. Tuy vậy, nhiều khách vẫn chọn Cam Vũ Trụ cho cảm giác trẻ trung và khác biệt. Dù chọn màu nào, iPhone 17 Pro Max 256GB vẫn mang nét cuốn hút riêng, thể hiện rõ gu thẩm mỹ và cá tính của người dùng.</p>
<h2 id=""anh-gia-iphone-17-pro-max-256gb"">Đánh giá iPhone 17 Pro Max 256GB</h2>
<p>iPhone 17 Pro Max 256GB mang đến hàng loạt nâng cấp đáng giá với chip A19 Pro mạnh mẽ, camera cải tiến và thiết kế hiện đại, hứa hẹn nâng tầm trải nghiệm người dùng.</p>
<p>Dưới đây là những nâng cấp nổi bật của chiếc iPhone này mà bạn không nên bỏ qua:</p>
<h3 id=""thiet-ke-sang-trong-hien-ai-va-toi-uu"">Thiết kế sang trọng, hiện đại và tối ưu</h3>
<p>iPhone 17 Pro Max 256GB mang phong cách thiết kế mới với khung nhôm nguyên khối thay vì titan, giúp giảm trọng lượng nhưng vẫn giữ cảm giác cứng cáp. Các cạnh viền được bo nhẹ, mặt lưng phủ Ceramic Shield 2 chống trầy xước tốt hơn, tạo cảm giác cầm nắm dễ chịu và chắc tay. Máy có kích thước 163.4 x 78 x 8.8 mm, nặng 233g, vừa đủ để thao tác thoải mái mà vẫn giữ được sự đầm tay cần thiết.</p>
<p style=""text-align: center;""><img alt=""iPhone 17 Pro Max 256GB thiết kế nhôm nguyên khối"" data-mce-id=""__mcenew"" height=""520"" loading=""lazy"" src=""https://cdn-v2.didongviet.vn/files/default/2025/9/21/0/1761016496556_iphone_17_pro_max_256gb_thiet_ke_nhom_nguyen_khoi_didongviet.jpg"" width=""780""/></p>
<p>Thực tế khi cầm điện thoại iPhone 17 Pro Max trên tay, phần hoàn thiện được làm rất tinh gọn, cảm giác tiếp xúc mượt hơn. Sau 3 ngày trải nghiệm, bề mặt khung nhôm gần như không bị bám dấu tay, tuy nhiên nếu không dùng ốp, khung có thể xước nhẹ khi va chạm. Với những ai ưa sự tối giản, thiết kế này thực sự tinh tế và dễ dùng lâu dài.</p>
<p style=""text-align: center;""><img alt=""iPhone 17 Pro Max 256GB cảm giác trên tay"" data-mce-id=""__mcenew"" height=""520"" loading=""lazy"" src=""https://cdn-v2.didongviet.vn/files/default/2025/9/21/0/1761016539246_iphone_17_pro_max_256gb_cam_giac_tren_tay_didongviet.jpg"" width=""780""/></p>
<h3 id=""man-hinh-promotion-120hz-sieu-muot-ma"">Màn hình ProMotion 120Hz siêu mượt mà</h3>
<p>Màn hình LTPO Super Retina XDR OLED 6.9 inch với độ sáng tối đa 3.000 nits cho hình ảnh sống động và dễ nhìn ngay cả khi ngoài trời nắng gắt. Tần số quét 120Hz ProMotion giúp mọi thao tác vuốt, cuộn trang hay chuyển cảnh đều trơn tru và mượt.</p>
<p><img alt=""iPhone 17 Pro Max 256GB sở hữu màn hình Promition 120Hz"" data-mce-id=""__mcenew"" height=""520"" loading=""lazy"" src=""https://cdn-v2.didongviet.vn/files/default/2025/8/22/0/1758531555150_iphone_17_pro_max_256gb_man_hinh_didongviet.jpg"" style=""display: block; margin-left: auto; margin-right: auto;"" width=""780""/></p>
<p>Ngoài ra, chất lượng hiển thị HDR10 và Dolby Vision của máy cũng đảm bảo màu sắc và độ tương phản đạt chuẩn cao.</p>
<p style=""text-align: center;""><img alt=""iPhone 17 Pro Max 256GB chất lượng hiển thị"" data-mce-id=""__mcenew"" loading=""lazy"" src=""https://cdn-v2.didongviet.vn/files/default/2025/9/21/0/1761016610186_iphone_17_pro_max_256gb_chat_luong_hien_thi_didongviet.jpg""/></p>
<p>Theo thử nghiệm thực tế của Di Động Việt, điện thoại iPhone 17 Pro Max bản 256GB đạt độ sáng tối đa 3,000 nits so với 2,000 nits của đời trước. Lớp phủ chống phản chiếu mới giảm 33% hiện tượng lóa khi dùng ngoài trời. Tuy nhiên, ở điều kiện ánh sáng thông thường thì chưa thấy khác biệt rõ. Chỉ khi dùng ngoài trời nắng gắt thì màn hình mới thể hiện ưu điểm vượt trội.</p>
<p style=""text-align: center;""><img alt=""iPhone 17 Pro Max 256GB độ sáng tối đa 3000 nits"" data-mce-id=""__mcenew"" loading=""lazy"" src=""https://cdn-v2.didongviet.vn/files/default/2025/9/21/0/1761016641174_iphone_17_pro_max_256gb_do_sang_toi_da_3000_nits_didongviet.jpg""/></p>
<h3 id=""hieu-nang-vuot-troi-voi-chip-a19-pro"">Hiệu năng vượt trội với chip A19 Pro</h3>
<p>iPhone 17 Pro Max 256GB chính hãng còn được trang bị chip Apple A19 Pro 3nm, hiệu suất cao hơn và tiết kiệm năng lượng tối ưu. Với CPU 6 lõi và GPU 6 lõi, máy xử lý mượt mọi tác vụ từ cơ bản đến nâng cao.</p>
<p>Máy có thể chơi game đồ họa nặng hay chỉnh sửa video 4K đều mượt mà. Ngoài ra, Neural Engine 16 lõi hỗ trợ các tính năng AI, cải thiện hiệu suất camera và nhận diện hình ảnh. Nhờ iOS 26, thiết bị cũng hoạt động mượt và bảo mật cao.</p>
<p style=""text-align: center;""><img alt=""iPhone 17 Pro Max 256GB hiệu năng vượt trội với chip A19 Pro"" data-mce-id=""__mcenew"" height=""520"" loading=""lazy"" src=""https://cdn-v2.didongviet.vn/files/default/2025/8/22/0/1758531580956_iphone_17_pro_max_256gb_chipset_didongviet.jpg"" width=""780""/></p>
<p>Khi test benchmark, hiệu năng iPhone 17 Pro Max đạt hơn 2,354,000 điểm Antutu và 9,363 điểm đa nhân Geekbench 6. Độ ổn định 81% khi chạy stress test trong thời gian dài cũng rất ấn tượng.</p>
<p>Hệ thống tản nhiệt buồng hơi mới giúp chơi Genshin Impact ở 120FPS mà máy chỉ ấm nhẹ sau 30 phút. Bên cạnh đó, PUBG Mobile ở khung hình 120fps cũng không giật lag nào.</p>
<p style=""text-align: center;""><img alt=""iPhone 17 Pro Max 256GB có hệ thống tản nhiệt buồng hơi"" data-mce-id=""__mcenew"" height=""520"" loading=""lazy"" src=""https://cdn-v2.didongviet.vn/files/default/2025/9/21/0/1761016743600_iphone_17_pro_max_256gb_co_he_thong_tan_nhiet_buong_hoi_didongviet.jpg"" width=""780""/></p>
<h3 id=""camera-chuyen-nghiep-sang-tao-moi-goc-nhin"">Camera chuyên nghiệp, sáng tạo mọi góc nhìn</h3>
<p>Hệ thống camera trên iPhone 17 Pro Max 256GB gồm ba ống kính 48MP: camera chính, camera tele zoom quang 8x và camera siêu rộng. Các cảm biến này chụp ảnh chi tiết, sắc nét dưới mọi điều kiện ánh sáng, từ phong cảnh rộng đến chân dung cận cảnh đều rõ nét.</p>
<p><img alt=""iPhone 17 Pro Max 256GB trang bị camera chuyên nghiệp, cải tiến hơn"" data-mce-id=""__mcenew"" height=""520"" loading=""lazy"" src=""https://cdn-v2.didongviet.vn/files/default/2025/8/22/0/1758531604356_iphone_17_pro_max_256gb_camera_didongviet.jpg"" style=""display: block; margin-left: auto; margin-right: auto;"" width=""780""/></p>
<p>Đặc biệt, khả năng quay video 4K Dolby Vision ở 120fps tạo ra thước phim chất lượng chuyên nghiệp. Camera selfie 18MP cũng cho ảnh chân dung rõ nét và sống động. </p>
<p style=""text-align: center;""><img alt=""iPhone 17 Pro Max 256GB quay video chuyên nghiệp "" data-mce-id=""__mcenew"" loading=""lazy"" src=""https://cdn-v2.didongviet.vn/files/default/2025/9/21/0/1761016798514_iphone_17_pro_max_256gb_quay_video_chuyen_nghiep_didongviet.jpg""/></p>
<p>Trải nghiệm thực tế, camera tele 8x là điểm sáng lớn nhất trên iPhone 17 Pro max 256GB với độ chi tiết vượt trội so với zoom 5x của đời trước. Ảnh chụp ở tiêu cự 8x gần như không chênh lệch chất lượng, màu sắc trung thực. Camera chính 48MP cho độ chi tiết cao, dải nhạy sáng tốt và không bị cháy sáng ở vùng trời. Hơn hết, camera góc siêu rộng cũng được cải thiện đáng kể về độ sắc nét.</p>
<p style=""text-align: center;""><img alt=""iPhone 17 Pro Max 256GB camera chụp ảnh sắc nét"" data-mce-id=""__mcenew"" height=""520"" loading=""lazy"" src=""https://cdn-v2.didongviet.vn/files/default/2025/9/21/0/1761016818386_iphone_17_pro_max_256gb_camera_chup_anh_sac_net_didongviet.jpg"" width=""780""/></p>
<h3 id=""pin-ben-bi-sac-nhanh-tien-loi"">Pin bền bỉ, sạc nhanh tiện lợi</h3>
<p>Viên pin Li-Ion dung lượng 4,832 mAh trên điện thoại iPhone 17 Pro Max 256GB đáp ứng nhu cầu dùng suốt cả ngày. Công nghệ quản lý năng lượng thông minh từ chip A19 Pro tối ưu hiệu quả dùng pin.</p>
<p>Máy hỗ trợ sạc nhanh 40W, đạt 50% dung lượng chỉ trong 20 phút. Bên cạnh đó, sạc không dây MagSafe 25W và Qi2 15W rất tiện lợi. Với khả năng sạc ngược có dây 4.5W, máy này còn hỗ trợ sạc cho thiết bị khác. </p>
<p style=""text-align: center;""><img alt=""iPhone 17 Pro Max 256GB pin bền bỉ"" data-mce-id=""__mcenew"" height=""520"" loading=""lazy"" src=""https://cdn-v2.didongviet.vn/files/default/2025/9/21/0/1761016853308_iphone_17_pro_max_256gb_pin_ben_bi_didongviet.jpg"" width=""780""/></p>
<p>Test thực tế cho thấy pin iPhone 17 Pro Max trụ được cả ngày dài với cường độ dùng cao. Nghe nhạc YouTube cả ngày, chiến vài trận game, đến tối mới hết 80% pin.</p>
<p>Tốc độ sạc cũng được cải thiện rõ rệt với bộ sạc công suất cao. Sau 20 phút sạc đạt được khoảng 46% pin, gần như đúng như Apple công bố.</p>
<p style=""text-align: center;""><img alt=""iPhone 17 Pro Max 256GB dùng được cả ngày"" data-mce-id=""__mcenew"" height=""520"" loading=""lazy"" src=""https://cdn-v2.didongviet.vn/files/default/2025/9/21/0/1761016897379_iphone_17_pro_max_256gb_dung_duoc_ca_ngay_didongviet.jpg"" width=""780""/></p>
<h3 id=""so-sanh-iphone-17-pro-max-va-iphone-16-pro-max"">So sánh iPhone 17 Pro Max và iPhone 16 Pro Max</h3>
<p>Sau khi đánh giá chi tiết, dễ thấy Apple đã thực hiện nhiều tinh chỉnh đáng giá trên iPhone 17 Pro Max so với người tiền nhiệm. Dưới đây là những điểm khác biệt giúp bạn nhận diện rõ hai thế hệ này:</p>
<ul>
<li aria-level=""1"">Thiết kế: iPhone 17 Pro Max chuyển từ khung titan sang nhôm, nhẹ hơn nhưng dễ trầy hơn. Cụm camera “plateau” nằm ngang thay vì vuông như đời trước.</li>
<li aria-level=""1"">Màn hình: Độ sáng tối đa tăng từ 2,000 nits lên 3,000 nits với lớp phủ chống phản chiếu mới giảm 33% hiện tượng lóa.</li>
<li aria-level=""1"">Hiệu năng: Chip A19 Pro mạnh hơn A18 Pro với điểm Antutu tăng khoảng 10%. Hệ thống tản nhiệt buồng hơi mới giúp máy mát hơn khi chơi game.</li>
<li aria-level=""1"">Camera: Cả 3 camera sau đều nâng lên 48MP, camera tele zoom quang tăng từ 5x lên 8x. Camera selfie tăng từ 12MP lên 18MP với cảm biến vuông đa góc chụp.</li>
<li aria-level=""1"">Pin: Dung lượng pin tăng từ 4,685mAh lên 4,832mAh. Sạc nhanh tăng từ 27W lên 40W, đạt 50% chỉ trong 20 phút.</li>
<li aria-level=""1"">Hệ điều hành: iOS 26 với giao diện Liquid Glass mới thay vì iOS 25. Tính năng AI được nâng cấp đáng kể với Apple Intelligence thế hệ mới.</li>
</ul>
<table style=""border-collapse: collapse; border-color: #000000; margin-left: auto; margin-right: auto;"">
<tbody>
<tr>
<td style=""text-align: center;"">
<p><strong>Thông số</strong></p>
</td>
<td style=""text-align: center;"">
<p><strong>iPhone 17 Pro Max</strong></p>
</td>
<td style=""text-align: center;"">
<p><strong>iPhone 16 Pro Max</strong></p>
</td>
<td style=""text-align: center;"">
<p><strong>Nâng cấp trên iPhone 17 Pro Max</strong></p>
</td>
</tr>
<tr>
<td style=""text-align: center;"">
<p><strong>Chất liệu khung viền</strong></p>
</td>
<td style=""text-align: center;"">
<p>Nhôm nguyên khối </p>
</td>
<td style=""text-align: center;"">
<p>Titan</p>
</td>
<td style=""text-align: center;"">
<p>Chuyển sang khung nhôm giúp tản nhiệt tốt hơn, giảm chi phí sản xuất, cầm nhẹ hơn nhưng bền kém hơn titan</p>
</td>
</tr>
<tr>
<td style=""text-align: center;"">
<p><strong>Màn hình</strong></p>
</td>
<td style=""text-align: center;"">
<p>LTPO Super Retina XDR OLED, 6.9 inch, 3.000 nits</p>
</td>
<td style=""text-align: center;"">
<p>LTPO Super Retina XDR OLED, 6.9 inch, 2.000 nits</p>
</td>
<td style=""text-align: center;"">
<p>Độ sáng tăng thêm 1.000 nits, hiển thị rõ hơn ngoài trời, có lớp chống chói Ceramic Shield 2</p>
</td>
</tr>
<tr>
<td style=""text-align: center;"">
<p><strong>Tần số quét</strong></p>
</td>
<td style=""text-align: center;"">
<p>ProMotion 120Hz</p>
</td>
<td style=""text-align: center;"">
<p>ProMotion 120Hz</p>
</td>
<td style=""text-align: center;"">
<p>Giữ nguyên, phản hồi cảm ứng nhạy hơn</p>
</td>
</tr>
<tr>
<td style=""text-align: center;"">
<p><strong>Chip xử lý</strong></p>
</td>
<td style=""text-align: center;"">
<p>Apple A19 Pro (3nm)</p>
</td>
<td style=""text-align: center;"">
<p>Apple A18 Pro (3nm)</p>
</td>
<td style=""text-align: center;"">
<p>Hiệu năng CPU tăng 18%, GPU tăng 22%, tiết kiệm pin hơn 15%</p>
</td>
</tr>
<tr>
<td style=""text-align: center;"">
<p><strong>RAM / Bộ nhớ khởi điểm</strong></p>
</td>
<td style=""text-align: center;"">
<p>12GB / 256GB</p>
</td>
<td style=""text-align: center;"">
<p>8GB / 256GB</p>
</td>
<td style=""text-align: center;"">
<p>RAM lớn hơn, đa nhiệm ổn định hơn</p>
</td>
</tr>
<tr>
<td style=""text-align: center;"">
<p><strong>Camera chính</strong></p>
</td>
<td style=""text-align: center;"">
<p>48MP (wide) + 48MP (tele 8x) + 48MP (ultrawide)</p>
</td>
<td style=""text-align: center;"">
<p>48MP (wide) + 12MP (tele 5x) + 48MP (ultrawide)</p>
</td>
<td style=""text-align: center;"">
<p>Zoom quang học nâng từ 5x lên 8x, đồng bộ cảm biến 48MP cho cả 3 ống kính, cải thiện chi tiết ảnh</p>
</td>
</tr>
<tr>
<td style=""text-align: center;"">
<p><strong>Camera selfie</strong></p>
</td>
<td style=""text-align: center;"">
<p>18MP HDR Dolby Vision</p>
</td>
<td style=""text-align: center;"">
<p>12MP HDR</p>
</td>
<td style=""text-align: center;"">
<p>Cảm biến mới, màu da tự nhiên hơn</p>
</td>
</tr>
<tr>
<td style=""text-align: center;"">
<p><strong>Pin</strong></p>
</td>
<td style=""text-align: center;"">
<p>4.823 mAh</p>
</td>
<td style=""text-align: center;"">
<p>4685 mAh</p>
</td>
<td style=""text-align: center;"">
<p>Dung lượng pin tăng nhẹ, thời gian sử dụng dài hơn </p>
</td>
</tr>
<tr>
<td style=""text-align: center;"">
<p><strong>Sạc nhanh</strong></p>
</td>
<td style=""text-align: center;"">
<p>40W có dây / 25W MagSafe</p>
</td>
<td style=""text-align: center;"">
<p>30W có dây / 15W MagSafe</p>
</td>
<td style=""text-align: center;"">
<p>Sạc nhanh hơn, đạt 50% trong 20 phút, hỗ trợ chuẩn PD3.2 mới</p>
</td>
</tr>
<tr>
<td style=""text-align: center;"">
<p><strong>Trọng lượng</strong></p>
</td>
<td style=""text-align: center;"">
<p>233g</p>
</td>
<td style=""text-align: center;"">
<p>227g</p>
</td>
<td style=""text-align: center;"">
<p>Nặng hơn nhẹ do khung nhôm dày hơn, nhưng phân bổ trọng lượng đều hơn giúp cầm chắc tay</p>
</td>
</tr>
<tr>
<td style=""text-align: center;"">
<p><strong>Hệ điều hành</strong></p>
</td>
<td style=""text-align: center;"">
<p>iOS 26 (Liquid Glass UI)</p>
</td>
<td style=""text-align: center;"">
<p>iOS 18</p>
</td>
<td style=""text-align: center;"">
<p>Giao diện trong suốt, mượt và cá nhân hóa hơn</p>
</td>
</tr>
</tbody>
</table>
<p>Tổng hợp từ các bài test hiệu năng cho thấy iPhone 17 Pro Max đạt điểm Geekbench đa nhân 9.363, cao hơn gần 20% so với iPhone 16 Pro Max. Thời lượng pin thực tế trong bài test hỗn hợp, tốc độ sạc nhanh 40W giúp đạt 50% pin chỉ sau 20 phút, đúng như công bố của Apple.</p>
<p>Những nâng cấp này giúp iPhone 17 Pro Max 256GB trở thành chiếc flagship mạnh, bền và tối ưu hơn đáng kể so với thế hệ trước.</p>
<p style=""text-align: center;""><img alt=""iPhone 17 Pro Max 256GB là flagship mạnh và bền"" data-mce-id=""__mcenew"" loading=""lazy"" src=""https://cdn-v2.didongviet.vn/files/default/2025/9/21/0/1761016934143_iphone_17_pro_max_256gb_la_flagship_manh_va_ben_didongviet.jpg""/></p>
<h2 id=""iphone-17-pro-max-256gb-phu-hop-voi-ai"">iPhone 17 Pro Max 256GB phù hợp với ai?</h2>
<p>Nếu bạn đang tìm một chiếc điện thoại có thể đáp ứng cả công việc lẫn giải trí lâu dài, iPhone 17 Pro Max chắc chắn nằm trong danh sách đáng cân nhắc.</p>
<p>Với hiệu năng mạnh, camera linh hoạt và pin bền bỉ, mẫu máy này phù hợp với nhiều nhóm người dùng khác nhau:</p>
<ul>
<li aria-level=""1""><strong>Người yêu công nghệ: </strong>Chip A19 Pro và iOS 26 giúp trải nghiệm mượt, xử lý nhanh, phù hợp cho ai thích khám phá những tính năng mới và yêu cầu hiệu suất cao.</li>
<li aria-level=""1""><strong>Game thủ: </strong>Hiệu năng iPhone 17 Pro Max đủ sức chiến các tựa game nặng như Genshin Impact hay PUBG Mobile ở mức đồ họa cao, FPS ổn định, không bị nóng máy.</li>
<li aria-level=""1""><strong>Người sáng tạo nội dung: </strong>Hệ thống camera 48MP cùng khả năng quay video 4K Dolby Vision giúp tạo ra hình ảnh và video sắc nét, phục vụ tốt cho vlog hay chụp sản phẩm.</li>
<li aria-level=""1""><strong>Doanh nhân và dân văn phòng:</strong> Dung lượng 256GB cùng pin iPhone 17 Pro Max cho thời lượng sử dụng dài, đảm bảo hoạt động suốt ngày mà không lo sạc giữa chừng.</li>
<li aria-level=""1""><strong>Người thích chụp ảnh, quay phim:</strong> Zoom quang 8x và khả năng xử lý hình ảnh thông minh giúp bắt trọn mọi khoảnh khắc đẹp, ngay cả trong điều kiện thiếu sáng.</li>
</ul>
<p style=""text-align: center;""><img alt=""iPhone 17 Pro Max 256GB dành cho ai"" data-mce-id=""__mcenew"" loading=""lazy"" src=""https://cdn-v2.didongviet.vn/files/default/2025/9/17/0/1760682163683_iphone_17_pro_max_256gb_danh_cho_ai_didongviet.jpg""/></p>
<h2 id=""mua-iphone-17-pro-max-256gb-chinh-hang-o-au"">Mua iPhone 17 Pro Max 256GB chính hãng ở đâu?</h2>
<p>Mua iPhone 17 Pro Max 256GB chính hãng đến ngay Di Động Việt, là đại lý ủy quyền chính thức của Apple tại Việt Nam. Khi mua <strong>iPhone 17 Pro Max</strong> chính hãng tại đây, khách hàng được cam kết sản phẩm chuẩn Apple, đầy đủ tem bảo hành, phụ kiện đi kèm và nhiều quyền lợi ưu đãi đặc biệt:</p>
<ul>
<li aria-level=""1"" style=""font-weight: 400;"">Sản phẩm chính hãng 100%, nguyên seal từ Apple.</li>
<li aria-level=""1"" style=""font-weight: 400;"">Bảo hành chính hãng 12 tháng theo tiêu chuẩn Apple.</li>
<li aria-level=""1"" style=""font-weight: 400;"">Chính sách ""Hư lỗi - Đổi mới"" độc quyền tại Di Động Việt.</li>
<li aria-level=""1"" style=""font-weight: 400;"">Thu cũ đổi mới với giá thu vào siêu tốt.</li>
<li aria-level=""1"" style=""font-weight: 400;""> Hỗ trợ mua iPhone 17 Pro 128GB trả góp 0% lãi suất.</li>
<li aria-level=""1"" style=""font-weight: 400;"">Giao hàng nhanh trong 2-24h tùy khu vực.</li>
<li aria-level=""1"" style=""font-weight: 400;"">Đội ngũ kỹ thuật viên chuyên nghiệp, hỗ trợ 24/7 mọi thắc mắc.</li>
</ul>
<p style=""text-align: center;""><img alt=""Hình ảnh"" loading=""lazy"" src=""https://cdn-v2.didongviet.vn/files/default/2025/10/11/0/iphone-17-pro-max-256gb-anh-real-2-didongviet.jpg""/></p>
<h2 id=""tong-ket"">Tổng kết</h2>
<p>Tổng thể, iPhone 17 Pro Max 256GB là bước nâng cấp đáng giá với chip A19 Pro mạnh mẽ, màn hình 3.000 nits và camera 48MP tốt hơn so với thế hệ trước. Những cải tiến này được xác nhận qua trải nghiệm thực tế tại Di Động Việt cùng những bài viết từ các trang thông tin công nghệ hàng đầu thế giới.</p>
<p style=""text-align: center;""><img alt=""Hình ảnh"" loading=""lazy"" src=""https://cdn-v2.didongviet.vn/files/default/2025/10/11/0/iphone-17-pro-max-256gb-anh-real-3-didongviet.jpg""/></p>
<p>Nếu bạn muốn sở hữu một chiếc điện thoại iPhone 17 Pro Max chính hãng, hãy đến ngay Di Động Việt để được tư vấn và nhận mức giá ưu đãi nhất hiện nay.</p>
<p style=""text-align: right;"">Di Động Việt</p>",https://didongviet.vn/dien-thoai/iphone-17-pro-max-256gb.html
iPhone 17 Pro 256GB Chính Hãng,33.890.000 đ,34.990.000đ,256GB;512GB;1TB | Cam Vũ Trụ;Xanh Đậm;Bạc,"{""Màn hình"": {""Màn hình rộng"": ""6.3” - Tần số quét 120Hz"", ""Độ sáng tối đa"": ""3000 nits"", ""Mặt kính cảm ứng"": ""Kính cường lực Ceramic Shield 2"", ""Công nghệ màn hình"": ""Super Retina XDR, Công nghệ ProMotion""}, ""Camera sau"": {""Độ phân giải"": ""Chính 48MP Fusion Main + Phụ 48MP Fusion Ultra Wide + Phụ 48MP Fusion Telephoto"", ""Đèn Flash"": ""Có"", ""Tính năng"": ""Zoom quang học 0.5x, 1x, 2x, 4x, 8x, Quay video hiển thị kép""}, ""Camera trước"": {""Độ phân giải"": ""18MP"", ""Tính năng"": ""Center Stage, Ghi hình kép, Quay video ổn định""}, ""Hệ điều hành & CPU"": {""Hệ điều hành"": ""iOS 26"", ""Chip xử lý (CPU)"": ""Chip A19 Pro"", ""Chip đồ họa (GPU)"": ""GPU 6 lõi với Neural Accelerator""}, ""Bộ nhớ & Lưu trữ"": {""Bộ nhớ trong"": ""256GB""}, ""Kết nối"": {""Mạng di động"": ""Hỗ trợ 5G"", ""Wifi"": ""Wi‑Fi 7"", ""Bluetooth"": ""v6.0"", ""Cổng kết nối/sạc"": ""USB-C""}, ""Pin & Sạc"": {""Dung lượng pin"": ""37 giờ""}, ""Tiện ích"": {""Tính năng đặc biệt"": ""Công nghệ Apple Intelligence, Dynamic Island"", ""Thời điểm ra mắt"": ""09/2025""}, ""Thiết kế"": {""Thiết kế"": ""Nguyên khối"", ""Chất liệu"": ""Nhôm""}}",1757762211348_iphone_17_pro_pro_max_didongviet.jpg | 1757452918357_thumb_2_iphone_17_pro_pro_max_didongviet.jpg | 1757452920515_thumb_3_iphone_17_pro_pro_max_didongviet.jpg | 1757452924328_thumb_4_iphone_17_pro_pro_max_didongviet.jpg | 1757452926780_thumb_5_iphone_17_pro_pro_max_didongviet.jpg | 1757452929645_thumb_6_iphone_17_pro_pro_max_didongviet.jpg | 1757452933722_thumb_7_iphone_17_pro_pro_max_didongviet.jpg | 1757452940801_thumb_8_iphone_17_pro_pro_max_didongviet.jpg | 1757452950620_thumb_9_iphone_17_pro_pro_max_didongviet.jpg | 1757452961760_thumb_10_iphone_17_pro_pro_max_didongviet.jpg | 1757452966825_thumb_11_iphone_17_pro_pro_max_didongviet.jpg | 1757762211348_iphone_17_pro_pro_max_didongviet.jpg | 1757452918357_thumb_2_iphone_17_pro_pro_max_didongviet.jpg | 1757452920515_thumb_3_iphone_17_pro_pro_max_didongviet.jpg | 1757452924328_thumb_4_iphone_17_pro_pro_max_didongviet.jpg | 1757452926780_thumb_5_iphone_17_pro_pro_max_didongviet.jpg | 1757452929645_thumb_6_iphone_17_pro_pro_max_didongviet.jpg | 1757452933722_thumb_7_iphone_17_pro_pro_max_didongviet.jpg | 1757452940801_thumb_8_iphone_17_pro_pro_max_didongviet.jpg | 1757452950620_thumb_9_iphone_17_pro_pro_max_didongviet.jpg | 1757452961760_thumb_10_iphone_17_pro_pro_max_didongviet.jpg | 1757452966825_thumb_11_iphone_17_pro_pro_max_didongviet.jpg,"<p><strong>iPhone 17 Pro</strong> chính thức ra mắt, ghi dấu ấn tượng trong lòng người dùng nhờ những giá trị ẩn chứa trong một thân máy gọn nhẹ. Đây là siêu phẩm nhỏ gọn, mạnh mẽ bậc nhất mà Apple từng cho ra đời, hứa hẹn sẽ chinh phục mọi tín đồ yêu thích sự tinh tế và hiệu năng vượt trội.</p>
<p>Chiếc smartphone này sở hữu sức mạnh vượt trội nhờ chip A19 Pro, được sản xuất trên tiến trình 3nm hiện đại. So với A18 Pro, con chip này không chỉ tăng đáng kể hiệu năng xử lý mà còn cải thiện khả năng tối ưu hóa các tác vụ AI, mang lại trải nghiệm mượt mà hơn bao giờ hết.</p>
<p>Bên cạnh đó, iPhone 17 Pro còn được trang bị hệ thống camera đỉnh cao, bao gồm 3 camera chính 48MP Wide, camera góc siêu rộng 48MP Ultra Wide và camera telephoto 48MP với khả năng zoom quang học 8x. Từ đó, giúp người dùng có thể chụp ảnh, quay phim một cách chuyên nghiệp và sắc nét.</p>
<p>Màn hình Super Retina XDR OLED 6.3 inch, hỗ trợ công nghệ ProMotion 120Hz mượt mà và tính năng Always-On Display tiện dụng. Với độ phân giải 2532 x 1170 pixels, mọi hình ảnh đều được tái hiện sắc nét và sống động đến từng chi tiết.</p>
<p>Về thiết kế, <a href=""https://didongviet.vn/dien-thoai/iphone-17-pro-256gb.html"">iPhone 17 Pro</a> được hoàn thiện từ nhôm cao cấp mang đến độ bền bỉ nhưng vẫn đảm bảo được sự nhẹ nhàng. Với độ dày chỉ 7.85mm, chiếc smartphone này đạt được sự hoàn hảo giữa thiết kế mỏng nhẹ và độ chắc chắn. Từ đó, mang lại cảm giác cầm nắm thoải mái, ngay cả khi sử dụng liên tục trong thời gian dài.</p>
<p style=""text-align: center;""><img alt=""iPhone 17 Pro 256GB Chính Hãng tổng quát"" height=""520"" loading=""lazy"" src=""https://cdn-v2.didongviet.vn/files/default/2025/9/21/0/1761014372103_iphone_17_pro_256gb_tong_quat_1_didongviet.jpg"" width=""780""/></p>
<h2 id=""iphone-17-pro-khi-nao-ra-mat"">iPhone 17 Pro khi nào ra mắt?</h2>
<p>iPhone 17 Pro được Apple chính thức công bố vào ngày <strong>9/9/2025</strong> (tức 0h ngày 10/9/2025 theo giờ Việt Nam) trong sự kiện hoành tráng mang tên ""<strong>Awe Dropping</strong>"", iPhone 17 Pro ra mắt cùng các phiên bản cao cấp khác như iPhone 17, iPhone 17 Pro Max và iPhone Air Series. Đây là cột mốc đánh dấu một thế hệ iPhone hoàn toàn mới, nổi bật với những đột phá vượt trội về thiết kế, hiệu năng và trải nghiệm người dùng.</p>
<p>Sau đúng 10 ngày kể từ thời điểm trình làng, iPhone 17 và iPhone Air đã chính thức có mặt tại thị trường Việt Nam vào sáng ngày <strong>19/9/2025</strong>. Các hệ thống phân phối lớn trên cả nước đồng loạt tổ chức sự kiện mở bán, thu hút đông đảo người hâm mộ công nghệ đến tham gia, trải nghiệm và sở hữu sản phẩm sớm nhất. Không khí tại các cửa hàng vô cùng náo nhiệt, ghi nhận lượng đơn đặt trước đạt mức kỷ lục – minh chứng cho sức hấp dẫn mạnh mẽ của dòng iPhone 17 ngay từ khi lên kệ.</p>
<p style=""text-align: center;""><img alt=""iPhone 17 Pro 256GB Chính Hãng về hàng"" height=""520"" loading=""lazy"" src=""https://cdn-v2.didongviet.vn/files/default/2025/10/11/0/iphone-17-pro-256gb-anh-real-3-didongviet.png"" width=""780""/></p>
<h2 id=""iphone-17-pro-256gb-gia-bao-nhieu"">iPhone 17 Pro 256GB giá bao nhiêu?</h2>
<p>iPhone 17 Pro 256GB có giá là <strong>35.990.000 đ</strong> tại Di Động Việt, mức giá cạnh tranh cho một chiếc điện thoại cao cấp mới ra mắt từ Apple. Bảng giá chi tiết iPhone 17 Pro bản tiêu chuẩn 256GB và các phiên bản bộ nhớ khác tại Di Động Việt:</p>
<table style=""border-collapse: collapse; width: 100%; margin-left: auto; margin-right: auto;"">
<tbody>
<tr>
<td>
<p><strong>Phiên bản</strong></p>
</td>
<td>
<p><strong>Giá</strong></p>
</td>
</tr>
<tr>
<td>
<p><strong>iPhone 17 Pro 256GB</strong></p>
</td>
<td>
<p>35.990.000 đ</p>
</td>
</tr>
<tr>
<td>
<p><strong>iPhone 17 Pro 512GB</strong></p>
</td>
<td>
<p>42.490.000 đ</p>
</td>
</tr>
<tr>
<td>
<p><strong>iPhone 17 Pro 1TB</strong></p>
</td>
<td>
<p>49.990.000 đ</p>
</td>
</tr>
</tbody>
</table>
<p>""Mua sản phẩm, chọn sản phẩm. Mua ở đâu, chọn Di Động Việt."" Tại Di Động Việt, bạn sẽ sở hữu iPhone 17 Pro chính hãng, với chất lượng đảm bảo và dịch vụ vượt trội. Với cam kết đó, chúng tôi luôn nỗ lực ""CHUYỂN GIAO GIÁ TRỊ VƯỢT TRỘI"" đến từng khách hàng.</p>
<h2 id=""iphone-17-pro-co-may-mau"">iPhone 17 Pro có mấy màu?</h2>
<p>iPhone 17 Pro có 3 màu là Cam Vũ Trụ (Cosmic Orange), Xanh Đậm (Deep Blue) và Bạc (Silver). <strong><a href=""https://www.apple.com/iphone-17/"" rel=""noopener"" target=""_blank"">Theo thông tin chính thức từ Apple</a></strong>.</p>
<table style=""border-collapse: collapse; width: 100%; margin-left: auto; margin-right: auto;"">
<tbody>
<tr>
<td>
<p><strong>Phiên bản màu sắc</strong></p>
</td>
<td>
<p><strong>Cảm nhận và đánh giá thực tế</strong></p>
</td>
</tr>
<tr>
<td>
<p>iPhone 17 Pro Cam Vũ Trụ (Cosmic Orange)</p>
</td>
<td>
<p>Khi cầm trên tay, một sắc cam rực rỡ, tỏa ra nguồn năng lượng sống động, đậm chất cá tính, tạo nên cảm giác tươi mới, đầy nhiệt huyết và hoàn toàn khác biệt.</p>
<p>Gam màu này phù hợp với ai thích phong cách độc đáo cho những ai yêu thích nổi bật, luôn muốn khẳng định vị thế dẫn đầu xu hướng.</p>
</td>
</tr>
<tr>
<td>
<p>iPhone 17 Pro Xanh Đậm (Deep Blue)</p>
</td>
<td>
<p>Khi trải nghiệm, gam màu này toát lên vẻ đẹp tinh tế, trầm lắng nhưng đầy cuốn hút. Đây là lựa chọn lý tưởng dành cho những người yêu thích sự lịch lãm, trang nhã nhưng vẫn muốn giữ nét trẻ trung và đẳng cấp.</p>
</td>
</tr>
<tr>
<td>
<p>iPhone 17 Pro Bạc (Silver)</p>
</td>
<td>
<p>Gam màu này mang đến diện mạo sáng sủa, dễ dàng kết hợp với đa dạng phong cách thời trang và các loại phụ kiện khác nhau. Đây là lựa chọn hoàn hảo dành cho những ai yêu chuộng sự tinh tế, chuyên nghiệp, mang phong thái nhẹ nhàng nhưng vẫn toát lên nét sang trọng đầy cuốn hút.</p>
</td>
</tr>
</tbody>
</table>
<p>Theo trải nghiệm trực tiếp tại hệ thống <strong>Di Động Việt</strong>, hai gam màu <strong>Cam Vũ Trụ</strong> và màu <strong>Bạc</strong> là “hot trend” của năm nhờ tính thẩm mỹ cao và khả năng nhận diện thương hiệu tốt. Trong khi đó, Xanh Đậm lại gây ấn tượng với nhóm khách hàng doanh nhân vì sự tinh tế.</p>
<p>Tổng thể, iPhone 17 Series năm nay mang đến bảng màu cân bằng giữa cổ điển và hiện đại, đáp ứng mọi gu thẩm mỹ – từ người dùng trẻ trung năng động đến người theo đuổi phong cách tối giản, sang trọng.</p>
<h2 id=""anh-gia-iphone-17-pro-256gb"">Đánh giá iPhone 17 Pro 256GB</h2>
<p>iPhone 17 Pro 256GB năm nay sở hữu một ngôn ngữ thiết kế hoàn toàn mới và khác biệt. Với camera xoay ngang mang đến vẻ ngoài độc lạ, cuốn hút và đầy hiện đại. Mặt lưng được hoàn thiện từ nhôm cao cấp, mang đến thiết kế bền bỉ và gọn nhẹ hơn.</p>
<p>Cụm camera cũng được nâng cấp với 3 camera lên đến <strong>48MP Fusion</strong> mang đến hình ảnh tự nhiên và chân thực đến từng chi tiết. Khả năng quay video của máy cũng được cải thiện đáng kể, mang lại trải nghiệm ghi hình mượt mà, sống động trong mọi điều kiện ánh sáng.</p>
<p>Bên cạnh đó, iPhone 17 Pro có thể xử lý nhanh chóng mọi tác vụ như: chỉnh video, giải trí cho đến đa nhiệm nhờ sức mạnh của chipset <strong>Apple A19 Pro</strong>. Chip mới không chỉ cải thiện hiệu năng mà còn tối ưu hóa năng lượng, giúp máy duy trì thời lượng pin ấn tượng – đủ để đồng hành cùng người dùng suốt cả ngày dài.</p>
<h3 id=""thiet-ke-cai-tien-hoan-toan-o-ben-vuot-troi"">Thiết kế cải tiến hoàn toàn, độ bền vượt trội</h3>
<p>iPhone 17 Pro 256GB năm nay được chế tác từ hợp kim nhôm cao cấp, mang lại độ bền vượt trội mà vẫn giữ được sự nhẹ nhàng cần thiết. Với độ dày chỉ 7.85mm, chiếc điện thoại này đạt đến sự cân bằng hoàn hảo giữa thiết kế thanh mảnh và độ cứng cáp, tạo cảm giác cầm nắm thoải mái ngay cả khi sử dụng trong thời gian dài.</p>
<p>Phần mặt lưng kính đã được tái thiết kế với khả năng chống vỡ vượt trội so với thế hệ trước. Nhờ áp dụng công nghệ gia công tiên tiến, iPhone 17 Pro 256GB giờ đây có khả năng chịu lực va đập tốt hơn, mang lại sự an tâm cho người dùng trong các tình huống sử dụng hàng ngày.</p>
<p style=""text-align: center;""><img alt=""iPhone 17 Pro 256GB thiết kế được cải tiến hoàn toàn"" data-mce-id=""__mcenew"" height=""520"" loading=""lazy"" src=""https://cdn-v2.didongviet.vn/files/default/2025/9/21/0/1761014397406_iphone_17_pro_256gb_thiet_ke_1_didongviet.jpg"" width=""780""/></p>
<p>Theo đánh giá từ các chuyên gia tại SuperSaf TV, Tom's Guide, và PetaPixel, Apple đã từ bỏ khung titan của thế hệ trước để quay về thiết kế nguyên khối bằng hợp kim nhôm 7000-series. Mặc dù thoạt nhìn có vẻ như là một bước lùi, trải nghiệm thực tế lại chứng minh điều ngược lại. Thiết kế nguyên khối mang đến cảm giác cầm nắm liền lạc, chắc chắn và thoải mái hơn so với iPhone 16 Pro. Các cạnh được bo cong nhẹ nhàng, giúp chiếc điện thoại nằm gọn trong tay mà không gây khó chịu. Đây là một bước tiến đáng kể về công thái học.</p>
<p>Thay vì cụm camera lồi như trước, mặt lưng giờ đây được thiết kế với một ""cao nguyên"" camera trải dài nửa trên. Thiết kế này, theo nhận xét từ PetaPixel và All Things Mobile, mang lại vẻ mạnh mẽ và ấn tượng, tạo sự đối xứng độc đáo.</p>
<h3 id=""man-hinh-oled-120hz-cho-kha-nang-hien-thi-sac-net"">Màn hình OLED, 120Hz cho khả năng hiển thị sắc nét</h3>
<p>iPhone 17 Pro 256GB sở hữu màn hình Super Retina XDR OLED kích thước 6.3 inch, tích hợp công nghệ ProMotion 120Hz cho trải nghiệm mượt mà và tính năng Always-On Display đầy tiện ích. Với độ phân giải 2532 x 1170 pixels, mọi khung hình được tái tạo chân thực, sắc nét và sống động đến từng chi tiết nhỏ nhất.</p>
<p>Điểm nổi bật đặc biệt nằm ở lớp phủ chống phản chiếu thế hệ mới, đảm bảo khả năng hiển thị rõ ràng ngay cả khi sử dụng dưới ánh sáng mạnh. Công nghệ True Tone được nâng cấp, mang lại độ chính xác màu sắc vượt trội trong mọi điều kiện ánh sáng. </p>
<p style=""text-align: center;""><img alt=""iPhone 17 Pro 256GB màn hình cho khả năng hiển thị sắc nét"" data-mce-id=""__mcenew"" height=""520"" loading=""lazy"" src=""https://cdn-v2.didongviet.vn/files/default/2025/9/21/0/1761014421177_iphone_17_pro_256gb_man_hinh_1_didongviet.jpg"" width=""780""/></p>
<p>Khi trải nghiệm thực tế tại Di Động Việt, màn hình của iPhone 17 Pro 256GB thể hiện màu sắc nét và không bị chói ở ngoài trời. Theo đánh giá từ The Verge, màn hình của iPhone 17 Pro còn được cải thiện độ sáng, đi kèm lớp kính Ceramic Shield 2 ở mặt trước, giúp giảm thiểu hiện tượng chói lóa khi sử dụng ngoài trời một cách hiệu quả hơn.</p>
<h3 id=""hieu-nang-manh-me-nho-chipset-a19-pro"">Hiệu năng mạnh mẽ nhờ chipset A19 Pro</h3>
<p>iPhone 17 Pro 256GB được trang bị chip A19 Pro mạnh mẽ, sản xuất trên tiến trình tiên tiến 3nm. Đây là bước nhảy vọt so với A18 Pro, không chỉ nâng cao hiệu suất xử lý mà còn cải thiện đáng kể khả năng tối ưu hóa các tác vụ trí tuệ nhân tạo, mang đến trải nghiệm nhanh nhạy và ổn định hơn bao giờ hết.</p>
<p style=""text-align: center;""><img alt=""iPhone 17 Pro 256GB Chính Hãng hiệu năng mạnh mẽ nhờ chip A19 Pro"" data-mce-id=""__mcenew"" height=""520"" loading=""lazy"" src=""https://cdn-v2.didongviet.vn/files/default/2025/9/21/0/1761014442511_iphone_17_pro_256gb_chip_1_didongviet.jpg"" width=""780""/></p>
<p>Theo các bài kiểm tra từ MKBHD và Tom's Guide, A19 Pro đạt điểm số vượt trội trên Geekbench 6 và 3DMark WildLife, vượt xa cả A18 Pro lẫn Snapdragon 8 Elite trên Galaxy S25 Ultra. Con chip này được cấu hình với 6 nhân CPU và 6 nhân GPU, đảm bảo hiệu năng CPU nhanh hơn khoảng 14% và GPU mạnh mẽ hơn tới 40%, đưa hiệu suất xử lý đồ họa lên một tầm cao mới.</p>
<h3 id=""camera-mang-en-kha-nang-chup-anh-chuyen-nghiep"">Camera mang đến khả năng chụp ảnh chuyên nghiệp</h3>
<p>iPhone 17 Pro 256GB được trang bị hệ thống camera hàng đầu, bao gồm cụm 3 camera sau: camera chính 48MP Wide, camera góc siêu rộng 48MP Ultra Wide và camera telephoto 48MP với khả năng zoom quang học lên đến 8x. Camera selfie cũng được nâng cấp vượt trội lên 18MP, gấp đôi độ phân giải so với thế hệ trước, mang đến những bức ảnh chân dung sắc nét, sống động và chi tiết hơn bao giờ hết.</p>
<p>Theo trải nghiệm tại Di Động Việt, hình ảnh chụp từ thiết bị này có độ chi tiết cao, màu sắc rực rỡ nhưng vẫn tự nhiên, ngay cả trong điều kiện thiếu sáng. SuperSaf và PetaPixel đánh giá cao hệ thống camera 48MP trên cả ba ống kính: chính, siêu rộng và tele. Trong khi phần cứng của camera chính và siêu rộng không thay đổi nhiều so với phiên bản trước, cả hai lại được nâng cấp nhờ Photonic Engine và thuật toán hình ảnh mới, giúp cải thiện chất lượng ảnh đáng kể.</p>
<p style=""text-align: center;""><img alt=""iPhone 17 Pro 256GB camera sắc nét, chuyên nghiệp"" data-mce-id=""__mcenew"" height=""520"" loading=""lazy"" src=""https://cdn-v2.didongviet.vn/files/default/2025/9/21/0/1761014468157_iphone_17_pro_256gb_camera_1_didongviet.jpg"" width=""780""/></p>
<p>Tuy nhiên, điểm sáng nổi bật năm nay chính là camera telephoto. Apple đã thay thế ống kính tele 5x (12MP) bằng ống kính tele 4x (100mm) hoàn toàn mới, đi kèm cảm biến 48MP lớn hơn tới 56%. Dù tiêu cự quang học ngắn hơn, cảm biến lớn và độ phân giải cao cho phép máy ảnh thực hiện zoom crop ngay trên cảm biến, đạt chất lượng mà Apple gọi là ""tương đương quang học"" ở mức 8x (200mm) và zoom kỹ thuật số tối đa lên đến 40x. Theo nhận định từ SuperSaf, chất lượng ảnh chụp ở các mức zoom này đã được cải thiện đáng kể, khắc phục những hạn chế mà thế hệ trước còn gặp phải.</p>
<h3 id=""dung-luong-pin-iphone-17-pro-cho-phep-su-dung-dai-lau"">Dung lượng pin iPhone 17 Pro cho phép sử dụng dài lâu</h3>
<p>iPhone 17 Pro 256GB gây ấn tượng với thời lượng pin vượt trội, cho phép xem video liên tục đến 31 giờ. Bên cạnh đó, nhờ chip A19 Pro với khả năng tiết kiệm năng lượng tối ưu, thiết bị dễ dàng đáp ứng nhu cầu sử dụng suốt cả ngày dài mà không lo gián đoạn.</p>
<p>Công nghệ sạc cũng được cải tiến đáng kể, hỗ trợ sạc có dây 30W và sạc không dây MagSafe 25W. Theo Apple công bố, chỉ cần 30 phút, bạn đã có thể nạp pin từ 0 lên 50%, mang lại sự tiện lợi tối đa cho những người có lịch trình bận rộn. Hơn nữa, hệ điều hành iOS 26 mới được tối ưu hóa để tương thích hoàn hảo với iPhone 17 Pro 256GB, đảm bảo trải nghiệm mượt mà và hiệu quả trên từng thao tác.</p>
<p style=""text-align: center;""><img alt=""iPhone 17 Pro 256GB dung lượng pin sử dụng dài lâu"" data-mce-id=""__mcenew"" height=""520"" loading=""lazy"" src=""https://cdn-v2.didongviet.vn/files/default/2025/9/21/0/1761014489493_iphone_17_pro_256gb_pin_1_didongviet.jpg"" width=""780""/></p>
<h2 id=""so-sanh-iphone-17-pro-va-iphone-16-pro-co-ang-e-nang-cap"">So sánh iPhone 17 Pro và iPhone 16 Pro: Có đáng để nâng cấp?</h2>
<p>Bộ đôi iPhone 17 Pro và iPhone 16 Pro đều thuộc phân khúc cao cấp, mang đến những nâng cấp đáng chú ý từ thiết kế, màn hình, hiệu năng đến camera và thời lượng pin.</p>
<p>Về thiết kế, iPhone 17 Pro gây ấn tượng với viền màn hình mỏng hơn, các cạnh được bo cong tinh tế, cùng mặt kính Ceramic Shield 2 cứng cáp hơn gấp ba lần so với thế hệ trước, tăng đáng kể độ bền và vẻ sang trọng. Máy vẫn giữ màn hình Super Retina XDR <strong>6.3 inch</strong> quen thuộc, nhưng nay hỗ trợ công nghệ ProMotion <strong>120Hz</strong> và tính năng Always-On Display, đảm bảo trải nghiệm hình ảnh mượt mà và tiện lợi.</p>
<p>Hiệu năng của iPhone 17 Pro được nâng lên tầm cao mới nhờ chip<strong> A19 Pro Bionic</strong>, sản xuất trên tiến trình 3nm. Con chip này không chỉ cải thiện hiệu suất vượt trội mà còn tối ưu hóa AI và tiết kiệm năng lượng. Công nghệ làm mát bằng buồng hơi giúp máy hoạt động ổn định, ngay cả khi chơi game đồ họa nặng hoặc quay video 8K. So với chip A18 của iPhone 16 Pro, A19 Pro mang đến tốc độ xử lý nhanh hơn và hiệu suất đồ họa vượt trội đáng kể.</p>
<p>Hệ thống camera của iPhone 17 Pro cũng được nâng cấp mạnh mẽ với ba ống kính <strong>48MP</strong> sử dụng công nghệ Fusion, cùng camera selfie <strong>18MP</strong>, mang lại hình ảnh sắc nét, chi tiết và tự nhiên hơn. Thuật toán xử lý ảnh thế hệ mới giúp cải thiện khả năng chụp đêm, cân bằng màu sắc và tái hiện ánh sáng chính xác hơn.</p>
<p>Ngoài ra, iPhone 17 Pro còn ra mắt với các tùy chọn màu sắc mới như Cam Vũ Trụ, Xanh Dương Đậm và Bạc, mang lại vẻ đẹp hiện đại, độc đáo và thể hiện phong cách tinh tế vượt thời gian.</p>
<table style=""border-collapse: collapse; width: 100%; margin-left: auto; margin-right: auto;"">
<tbody>
<tr>
<td>
<p><strong>Thông số</strong></p>
</td>
<td>
<p><strong>iPhone 17 Pro</strong></p>
</td>
<td>
<p><strong>iPhone 16 Pro</strong></p>
</td>
<td>
<p><strong>Cải tiến</strong></p>
</td>
</tr>
<tr>
<td>
<p>Màn hình</p>
</td>
<td>
<p>Super Retina XDR, 6.3 inch OLED, ProMotion 120Hz</p>
</td>
<td>
<p>Super Retina XDR, 6.3 inch OLED, ProMotion 120Hz</p>
</td>
<td>
<p>Giữ nguyên</p>
</td>
</tr>
<tr>
<td>
<p>Độ sáng tối đa</p>
</td>
<td>
<p>3000 nits</p>
</td>
<td>
<p>2000 nits</p>
</td>
<td>
<p>Tăng 1000 nits</p>
</td>
</tr>
<tr>
<td>
<p>Thiết kế</p>
</td>
<td>
<p>Nhôm nguyên khối với mặt sau Ceramic Shield</p>
</td>
<td>
<p>Titan với mặt sau bằng kính nhám</p>
</td>
<td>
<p>Bền bỉ và chống nứt tốt hơn</p>
</td>
</tr>
<tr>
<td>
<p>Chip xử lý</p>
</td>
<td>
<p>A19 Pro</p>
</td>
<td>
<p>A18 Pro</p>
</td>
<td>
<p>Hiệu năng CPU &amp; AI tốt hơn</p>
</td>
</tr>
<tr>
<td>
<p>RAM</p>
</td>
<td>
<p>12GB </p>
</td>
<td>
<p>8GB</p>
</td>
<td>
<p>Tăng 4GB giúp đa nhiệm mượt mà</p>
</td>
</tr>
<tr>
<td>
<p>Camera sau</p>
</td>
<td>
<p>48 MP (cam chính) + 48MP ( Ultra Wide) + 48 MP (Telephoto), với zoom quang 4x và 8x</p>
</td>
<td>
<p>48 MP (cam chính) + 48MP ( Ultra Wide) + 12 MP (Telephoto), với zoom quang 5x.</p>
</td>
<td>
<p>Camera Telephoto nâng cấp, thêm Telephoto 3x, xử lý hình ảnh Dual Fusion mới</p>
</td>
</tr>
<tr>
<td>
<p>Camera trước</p>
</td>
<td>
<p>18MP Center Stage</p>
</td>
<td>
<p>TrueDepth 12 MP</p>
</td>
<td>
<p>Độ phân giải cao hơn, hỗ trợ Center Stage mới</p>
</td>
</tr>
<tr>
<td>
<p>Pin &amp; sạc</p>
</td>
<td>
<p>Dùng cả ngày, sạc nhanh 50% trong ~20 phút, USB-C Power Delivery</p>
</td>
<td>
<p>Dùng cả ngày, sạc nhanh 50% trong ~30 phút, USB-C</p>
</td>
<td>
<p>Tốc độ sạc nhanh hơn (20 phút so với 30 phút)</p>
</td>
</tr>
<tr>
<td>
<p>Bộ nhớ trong</p>
</td>
<td>
<p>256GB, 512GB, 1TB</p>
</td>
<td>
<p>128GB, 256GB, 512GB</p>
</td>
<td>
<p>Bỏ bản 128GB, và có thêm bản 1TB</p>
</td>
</tr>
<tr>
<td>
<p>Kết nối</p>
</td>
<td>
<p>5G, Wi-Fi 7, Bluetooth 6, eSIM (đa SIM linh hoạt)</p>
</td>
<td>
<p>5G, Wi-Fi 6E, Bluetooth 5.3, eSIM</p>
</td>
<td>
<p>Wi-Fi 7 nhanh hơn, Bluetooth 6 ổn định hơn</p>
</td>
</tr>
<tr>
<td>
<p>Apple Intelligence (AI)</p>
</td>
<td>
<p>Đầy đủ</p>
</td>
<td>
<p>Hạn chế hơn</p>
</td>
<td>
<p>AI thế hệ mới mạnh hơn, nhiều tính năng hơn</p>
</td>
</tr>
<tr>
<td>
<p>Màu sắc</p>
</td>
<td>
<p>Bạc (Silver), Cam vũ trụ (Cosmic Orange) và Xanh đậm (Deep Blue)</p>
</td>
<td>
<p>Titan tự nhiên (Natural Titanium), Titan trắng (White Titanium), Titan đen (Black Titanium), Titan xanh (Blue Titanium)</p>
</td>
<td>
<p>Bảng màu độc đáo hơn.</p>
</td>
</tr>
</tbody>
</table>
<h2 id=""iphone-17-pro-256gb-phu-hop-voi-ai"">iPhone 17 Pro 256GB phù hợp với ai?</h2>
<p>iPhone 17 Pro 256GB là sự lựa chọn lý tưởng cho những ai tìm kiếm một thiết bị mạnh mẽ, đẳng cấp và đa năng. Dưới đây là những đối tượng phù hợp nhất với chiếc smartphone này:</p>
<p><strong>Người sáng tạo nội dung</strong>: Với hệ thống camera 48MP tiên tiến, khả năng zoom quang học 8x và công nghệ xử lý hình ảnh vượt trội, iPhone 17 Pro là công cụ hoàn hảo cho các nhà làm phim, nhiếp ảnh gia hay vlogger. Camera selfie 18MP nâng cấp cũng hỗ trợ chụp ảnh và quay video chất lượng cao, lý tưởng cho việc tạo nội dung mạng xã hội.</p>
<p><strong>Dân chuyên công nghệ và game thủ</strong>: Con chip A19 Pro sản xuất trên tiến trình 3nm mang lại hiệu năng mạnh mẽ, kết hợp với màn hình ProMotion 120Hz mượt mà. Đây là lựa chọn hoàn hảo cho những ai cần xử lý các tác vụ nặng, chơi game đồ họa cao hoặc sử dụng các ứng dụng chuyên biệt.</p>
<p style=""text-align: center;""><img alt=""iPhone 17 Pro 256GB Chính Hãng phù hợp với ai"" data-mce-id=""__mcenew"" height=""520"" loading=""lazy"" src=""https://cdn-v2.didongviet.vn/files/default/2025/9/21/0/1761014528598_iphone_17_pro_256gb_tong_the_didongviet.jpg"" width=""780""/></p>
<p><strong>Doanh nhân và người làm việc chuyên nghiệp</strong>: Thiết kế sang trọng, mỏng nhẹ với chất liệu nhôm cao cấp, cùng khả năng đa nhiệm mạnh mẽ, giúp iPhone 17 Pro trở thành trợ thủ đắc lực trong công việc. Dung lượng lưu trữ 256GB đáp ứng tốt nhu cầu lưu giữ tài liệu, hình ảnh và ứng dụng.</p>
<p><strong>Người đam mê công nghệ cao cấp</strong>: Với những ai yêu thích trải nghiệm công nghệ tiên tiến nhất, iPhone 17 Pro mang đến mọi điều bạn cần: từ màn hình Super Retina XDR OLED sắc nét, tính năng Always-On Display tiện lợi, đến độ bền vượt trội với kính Ceramic Shield 2.</p>
<p><strong>Người yêu thích nhiếp ảnh di động</strong>: Chiếc điện thoại này rất phù hợp với những người thích chụp ảnh hàng ngày hoặc khi đi du lịch, nhờ khả năng chụp đêm tốt, gam màu tự nhiên và hệ thống zoom linh hoạt.</p>
<p>Nếu bạn thuộc một trong những nhóm trên hoặc đơn giản là muốn sở hữu một thiết bị dẫn đầu xu hướng, iPhone 17 Pro 256GB sẽ là sự đầu tư xứng đáng.</p>
<h2 id=""mua-iphone-17-pro-256gb-chinh-hang-o-au"">Mua iPhone 17 Pro 256GB chính hãng ở đâu?</h2>
<p>Mua iPhone 17 Pro 256GB tại Di Động Việt, bạn sẽ nhận được nhiều ưu đãi hấp dẫn:</p>
<ul>
<li aria-level=""1"" style=""font-weight: 400;"">Sản phẩm chính hãng 100%, nguyên seal, đầy đủ phụ kiện</li>
<li aria-level=""1"" style=""font-weight: 400;"">Giá cạnh tranh nhất thị trường kèm khuyến mãi hấp dẫn</li>
<li aria-level=""1"" style=""font-weight: 400;"">Bảo hành chính hãng 12 tháng theo tiêu chuẩn Apple</li>
<li aria-level=""1"" style=""font-weight: 400;"">Chính sách bảo hành Hư lỗi - Đổi mới độc quyền tại Di Động Việt</li>
<li aria-level=""1"" style=""font-weight: 400;"">Thu cũ đổi mới với giá thu vào siêu tốt</li>
<li aria-level=""1"" style=""font-weight: 400;"">Trả góp 0% lãi suất với thủ tục đơn giản, nhanh chóng</li>
<li aria-level=""1"" style=""font-weight: 400;"">Giao hàng nhanh trong 2-24h tùy khu vực</li>
<li aria-level=""1"" style=""font-weight: 400;"">Hỗ trợ kỹ thuật 24/7 từ đội ngũ chuyên nghiệp</li>
</ul>
<p>Lưu ý: Đây là thông tin tham khảo. Quý khách vui lòng xem chi tiết thông tin bảo hành và các ưu đãi tại trang sản phẩm.</p>
<p style=""text-align: center;""><img alt=""Hình ảnh"" loading=""lazy"" src=""https://cdn-v2.didongviet.vn/files/default/2025/10/11/0/iphone-17-pro-256gb-anh-real-1-didongviet.jpg""/></p>
<p>Đội ngũ nhân viên tận tâm của Di Động Việt sẽ tư vấn tính năng, hỗ trợ cài đặt ban đầu miễn phí. Bạn sẽ được hướng dẫn sử dụng đầy đủ các tính năng của iPhone 17 Pro 256GB, bao gồm cả những tính năng Apple Intelligence mới.</p>
<p>Nếu bạn có bất kỳ thắc mắc gì về iPhone 17, hãy liên hệ với bộ phận hỗ trợ khách hàng của Di Động Việt qua:</p>
<ul>
<li aria-level=""1"" style=""font-weight: 400;"">Hotline Kỹ thuật, mua hàng: 1800.6018.</li>
<li aria-level=""1"" style=""font-weight: 400;"">Hotline Bảo hành: 1800.6729.</li>
<li aria-level=""1"" style=""font-weight: 400;"">Fanpage: www.facebook.com/didongviet/ </li>
<li aria-level=""1"" style=""font-weight: 400;"">TikTok: <a href=""https://www.tiktok.com/@didongviet_official"">www.tiktok.com/@didongviet_official</a></li>
</ul>
<p style=""font-weight: 400; text-align: center;""><img alt=""Hình ảnh"" loading=""lazy"" src=""https://cdn-v2.didongviet.vn/files/default/2025/10/11/0/iphone-17-pro-256gb-anh-real-3-didongviet.jpg""/></p>
<h2 id=""tong-ket"">Tổng kết</h2>
<p>iPhone 17 Pro 256GB mang đến một bước ngoặt đáng kinh ngạc về thiết kế lẫn hiệu năng. Kể từ khi trình làng vào ngày <strong>10/9/2025</strong>, sản phẩm đã tạo nên làn sóng chú ý trên toàn cầu và nhanh chóng rơi vào tình trạng ""cháy hàng"" tại Việt Nam chỉ sau vài ngày lên kệ.</p>
<p>Điểm sáng đầu tiên của iPhone 17 Pro 256GB chính là sức mạnh từ chip <strong>A19 Pro Bionic</strong> – bộ vi xử lý tiên tiến sử dụng tiến trình 3nm, mang lại hiệu suất vượt bậc cùng khả năng tiết kiệm năng lượng đáng kinh ngạc. Máy còn được tối ưu hóa cho các tác vụ AI và Apple Intelligence, nâng tầm sự thông minh và tiện ích cho người dùng. Với màn hình Super Retina XDR OLED tần số quét 120Hz, mọi hình ảnh đều trở nên mượt mà, sống động và chân thực đến từng chi tiết nhỏ.</p>
<p style=""text-align: center;""><img alt=""iPhone 17 Pro 256GB Chính Hãng người nổi tiếng"" data-mce-id=""__mcenew"" height=""520"" loading=""lazy"" src=""https://cdn-v2.didongviet.vn/files/default/2025/10/11/0/iphone-17-pro-256gb-anh-real-4-didongviet.jpg"" width=""780""/></p>
<p>Về khả năng nhiếp ảnh, iPhone 17 Pro 256GB nổi bật với hệ thống <strong>3 camera 48MP Fusion</strong> và camera selfie 18MP, mang lại chất lượng ảnh và video xuất sắc, nhất là trong điều kiện chụp đêm hay quay video 8K. Đây là lựa chọn hoàn hảo cho những ai yêu thích sáng tạo nội dung, quay vlog hay thực hiện các bài đánh giá chuyên sâu. Ngoài ra, với thiết kế mới lạ cùng các màu sắc độc đáo như Cam Vũ Trụ, Xanh dương đậm và Bạc đã tạo nên vẻ ngoài khác biệt, hiện đại và đẳng cấp. </p>
<p>Tại Di Động Việt, khách hàng có thể sở hữu iPhone 17 Pro 256GB với mức giá cạnh tranh nhất, kèm theo hàng loạt ưu đãi độc quyền như thu cũ đổi mới, trả góp 0%, bảo hành 12 tháng, đổi mới nếu gặp lỗi và dịch vụ chăm sóc tận tình.</p>
<p style=""text-align: right;"">Di Động Việt</p>",https://didongviet.vn/dien-thoai/iphone-17-pro-256gb.html
